tic,score,vol20,off_lo60,mom20,volsurge,liq,px,r_hari,ara_60h
MGNA,0.9938630490956073,0.11172633582633584,1.5062541145490478,1.0927643784786647,56.46373986686355,598198300.0,216.0,0.1428571428571428,3
SAFE,0.9886950904392764,0.099171418738104,1.909400803998262,1.2176501035196683,22.914139512834456,57376800.0,1045.0,-0.09913793103448276,3
SEMA,0.9861111111111112,0.08590813284141718,1.8622117090479007,1.6535087719298245,44.6537402848746,203426350.0,264.0,0.07317073170731714,1
NASI,0.975452196382429,0.07989294632632922,1.2466531440162258,0.762758620689655,41.23564307390694,687992850.0,234.0,0.3448275862068966,1
ASPI,0.963501291989664,0.08537248465933427,1.2591653004974055,0.7336241199877565,7.330769212301059,791382300.0,690.0,0.08661417322834652,4
UANG,0.9605943152454781,0.10470683375524492,1.0060216501671007,0.6125685985811804,5.357212885357786,1031217000.0,3950.0,-0.08139534883720934,4
JARR,0.9602713178294574,0.09037821373983364,1.083276213613293,0.8251599147121538,5.346476938451353,71613913500.0,3600.0,-0.1408114558472554,2
TEBE,0.959625322997416,0.08604469965726907,1.2397761389439297,0.5398208955223887,6.7054858513926305,20949031750.0,2080.0,0.058524173027989734,2
POLA,0.959625322997416,0.10250310708098251,0.5384615384615388,0.40161725067385445,73.40922115137509,775320750.0,80.0,-0.05882352941176472,1
PTSN,0.9560723514211887,0.08033265383007653,0.7050053810384387,0.3429767795964984,68.36284242543643,166488800.0,392.0,-0.08411214953271029,1
FPNI,0.9560723514211886,0.08948379328387368,1.046153846153846,0.5272727272727267,5.785778209738104,6024730250.0,600.0,0.16504854368932032,2
DPUM,0.9551033591731266,0.09038237516482142,0.6399040760219945,0.50465425531915,11.707532377394793,2232371550.0,146.0,-0.020134228187919434,1
SAPX,0.9521963824289406,0.12527125452775104,0.5542857142857145,0.44339622641509435,12.08558747450393,242047100.0,306.0,-0.0496894409937888,4
IDEA,0.9470284237726099,0.05457864629465067,1.2306352459016412,0.9198412698412706,13.359154909611883,264539750.0,123.0,0.09821428571428581,0
SQMI,0.9454134366925063,0.10376107177252739,1.5238095238095242,0.5460829493087562,2.761898298958271,23326379550.0,99.0,0.010204081632652962,1
MITI,0.9425064599483204,0.0718916715897771,0.7082231623479642,0.37842245300832533,11.951160037539582,893350400.0,292.0,0.050359712230215736,2
WAPO,0.9421834625322998,0.05377762922979382,1.002680394741812,0.4673703610622433,31.15028997592453,255072900.0,232.0,0.22751322751322745,0
SMMT,0.9405684754521964,0.07010228036987037,0.7332883270360806,0.6033057851239663,6.55634258334375,641972250.0,2910.0,-0.02020202020202022,1
AKSI,0.9386304909560724,0.07972928304215117,0.934961038961039,0.648141592920354,3.5532432657197672,413644800.0,388.0,0.015706806282722585,1
CCSI,0.9357235142118863,0.0689892192927057,0.6672519754170316,0.5261768082663605,7.512903857296569,356044700.0,422.0,-0.027649769585253448,1
AGAR,0.9324935400516796,0.10521917686312537,8.28408225437929,0.1464174454828664,4.977562262688359,408942750.0,1840.0,-0.14814814814814814,8
KICI,0.917312661498708,0.06903514222410741,0.4578627570841145,0.32945252945252945,12.741085047716528,772415800.0,352.0,0.24822695035460995,1
SRSN,0.914405684754522,0.057229524363725415,0.5043096163596423,0.31089837997054515,17.584835842447205,11383949250.0,129.0,0.11206896551724133,0
AYLS,0.9105297157622739,0.0874487323927915,0.5780236305048336,0.10089171974522304,30.648659953461728,284260650.0,174.0,-0.12121212121212122,1
HBAT,0.9102067183462532,0.05234244473813652,0.6569650742673621,0.5823270078589222,4.677747810728422,305112900.0,390.0,0.0714285714285714,0
FOLK,0.9072997416020672,0.08102215476871326,0.5206750463919323,0.45194397084879423,2.8420170710960853,6783758900.0,244.0,0.016666666666666607,0
BKDP,0.8950258397932817,0.07059375728284821,1.0385887864148722,0.2173913043478255,2.090248691551492,673249650.0,168.0,-0.045454545454545414,1
ULTJ,0.893733850129199,0.03764343373760361,0.5291149038275482,0.35045822463041043,46.82809500075481,5358989000.0,2060.0,0.08421052631578951,0
CASH,0.8921188630490956,0.042625611069835395,0.8525039335588758,0.25806451612903203,5.8973050215288145,329535100.0,272.0,0.0,0
ASLI,0.8895348837209303,0.08540082012989887,0.4089060308555401,0.23447004608294963,3.7703508619020933,27654353300.0,362.0,-0.07179487179487176,1
ELIT,0.8875968992248062,0.09557834882930986,0.3934032244619474,0.3352517985611507,2.3360442921584506,6878870000.0,272.0,-0.04225352112676062,1
VISI,0.8830749354005168,0.06569839176023212,0.5556921760979385,0.2918660287081347,2.1971182914820973,897245500.0,1215.0,-0.012195121951219523,1
SINI,0.8830749354005167,0.0695197818631627,1.3755325150884938,0.9200374250246435,1.2982754449775107,160274532500.0,16900.0,0.005952380952380931,0
ACST,0.881782945736434,0.05353272366439671,0.5640056683986769,0.2952833927863656,2.8764503227872025,74336900.0,114.0,0.08571428571428563,0
VOKS,0.8811369509043927,0.06644270012780634,0.40243557840429434,0.1811857229280096,6.414739088957365,113000200.0,284.0,-0.09554140127388533,2
PGUN,0.8791989664082688,0.06430407154221021,0.3950394671475097,0.2673887969510056,4.42952700156448,875690000.0,9525.0,-0.052238805970149294,1
RONY,0.8762919896640826,0.06599956440738775,0.5188008130081294,0.2515440175860988,2.197335538404998,27210000.0,1470.0,-0.01342281879194629,3
MSJA,0.875,0.08350890708578937,1.0226359774679112,0.8612049370127253,1.1538999246632986,7998691050.0,815.0,-0.01807228915662651,0
JECC,0.8720930232558138,0.0728969477319172,0.3786259541984729,0.30263869688044687,2.617321210749362,39760500.0,840.0,-0.00591715976331364,1
PIPA,0.8695090439276486,0.0855693401376376,0.6366453246374499,0.2977354187031602,1.383584811712559,33513987800.0,178.0,-0.011111111111111072,0
LAPD,0.8666020671834624,0.08813187312387828,0.33127640036730965,0.1616666666666664,3.6918290500416324,1964145550.0,82.0,-0.046511627906976716,2
TRIM,0.8640180878552972,0.03737377936321133,0.5220293724966616,0.34453781512604986,4.663135996839728,392371250.0,840.0,-0.0117647058823529,0
MUTU,0.8640180878552972,0.0457818391257282,0.3651320754716967,0.29199999999999937,6.480914648984025,2080028550.0,136.0,0.030303030303030276,0
NATO,0.8636950904392764,0.0869900437219032,0.6563934802571159,0.3983042635658911,1.1964588127921358,297753250.0,1085.0,0.028436018957346043,2
MOLI,0.8607881136950903,0.03899556188150344,0.4423076923076894,0.19147157190635378,14.285004191262331,1335516500.0,380.0,0.08571428571428563,0
BMSR,0.8546511627906976,0.06072443829313481,0.33037015447391394,0.17763157894736858,5.114886746580807,10653100.0,358.0,-0.011049723756906049,0
FUJI,0.8514211886304909,0.09557561963880366,0.6972065421913427,0.5489069414173429,0.9728370631524362,939335100.0,286.0,-0.027210884353741527,2
AIMS,0.849483204134367,0.06298932478017687,0.4702666585676971,0.24172779972297764,1.7321128235868608,225878300.0,515.0,0.01980198019801982,1
ICON,0.8472222222222223,0.055080235315461926,0.5055307474535222,0.0967385295743508,3.437898106941456,3481421650.0,155.0,-0.01273885350318471,0
BIKE,0.8436692506459947,0.08197414171509215,0.63768115942029,0.5789948163173315,0.9908549835600338,356068250.0,1130.0,0.09708737864077666,1
VICI,0.8401162790697675,0.051782658096081575,0.7470321605870924,0.6451219512195119,1.1594939343851007,5606150500.0,1140.0,-0.05785123966942152,0
AREA,0.8401162790697675,0.04866609349628413,0.528445135487082,0.21289329685362524,1.8033694645048883,618311900.0,328.0,0.0,0
GTRA,0.8372093023255814,0.058857322245554324,0.4296312324193978,0.11607142857142794,2.737791834228127,122616700.0,250.0,0.024590163934426146,1
BYAN,0.834625322997416,0.0820108110838534,0.35539215686274495,0.045333160647325954,7.725509192567815,20478500000.0,13825.0,0.19956616052060738,4
CSMI,0.8326873385012921,0.09760677655043304,1.5471110396162682,0.17720530835284953,0.9004048593058599,2253091350.0,174.0,-0.0984455958549223,2
CAMP,0.829780361757106,0.04420278351678101,0.21730138354015183,0.18128654970760238,204.99918329998343,95077750.0,202.0,0.19526627218934922,0
SSMS,0.8297803617571059,0.06222275583438109,0.505412743059803,0.2756756756756762,1.2805773989348626,11568881750.0,1180.0,0.02164502164502169,0
UVCR,0.8288113695090439,0.04283525059915485,0.3873023097053123,0.19276106627537226,2.862120078878281,7316158450.0,178.0,0.02298850574712641,0
LFLO,0.8233204134366925,0.030506445987893163,0.3297872340425525,0.23762376237623717,30.286820534647756,3641650.0,625.0,0.07758620689655182,0
KKES,0.8197674418604651,0.08964891068840894,1.1777796015992297,0.22831787010891436,0.787174555251178,3658084450.0,87.0,-0.05434782608695654,1
POLU,0.8191214470284238,0.07296700951010725,0.31851164739149307,0.3067654411786511,1.365191863724028,263142500.0,17000.0,-0.01449275362318836,1
SHID,0.8187984496124031,0.08513836004323458,0.3611111111111116,0.3488530161427359,1.1214541191483403,38555300.0,735.0,-0.045454545454545414,2
AGII,0.8058785529715763,0.03249797116268549,0.2592592592592593,0.17801346955605424,19.317902191665116,338601000.0,3740.0,0.1032448377581121,0
SCCO,0.8049095607235143,0.050580782105560676,0.22439765597050143,0.13902551349359804,5.872264528157783,111292500.0,2620.0,-0.054151624548736454,0
AMMN,0.804263565891473,0.03471924495356562,0.4212683985909045,0.11120606195001348,3.8100979260932113,320349908500.0,4680.0,-0.04489795918367345,0
ERAA,0.8036175710594315,0.03871671102526444,0.7017395559905677,0.2928062514364511,1.180314997270762,65448030550.0,625.0,0.008064516129032251,0
TIFA,0.8020025839793281,0.06404082616671174,0.3817489075144862,0.005932473323777776,20.02146235103493,33388700.0,310.0,0.026490066225165476,3
NICE,0.7997416020671835,0.06588381820361666,0.45264847512038564,0.34004006619632476,0.9485610633258048,660779600.0,362.0,0.011173184357541999,1
HOMI,0.7984496124031008,0.04247599235182947,0.48205911222597764,0.2446418758014277,1.278500268119166,788268900.0,254.0,0.024193548387096753,0
MBTO,0.7978036175710594,0.055006135363517,0.410206489675516,0.16537467700258368,1.3038640470062717,629473450.0,154.0,-0.006451612903225823,0
FORU,0.7968346253229974,0.11018387022390011,0.21370967741935476,0.09290061230585422,2.073037186929063,11842104500.0,3010.0,-0.1497175141242938,2
BRMS,0.7968346253229974,0.03535394006631478,0.3894435156436571,0.11483870967741883,3.2983284491809486,190477352750.0,720.0,-0.020408163265306145,0
IRSX,0.7968346253229974,0.0386740621290095,0.5913839605109514,0.08609593199757137,1.8796252250731023,19661667500.0,416.0,0.014634146341463428,0
ECII,0.7948966408268734,0.03296700241723598,0.5074669606315172,0.07768677091089571,3.0968707504752735,237600100.0,167.0,0.006024096385542244,1
KIJA,0.7929586563307494,0.10453509875256058,0.38339285714285687,0.23983739837398343,0.8691363161304198,78291973350.0,180.0,-0.0055248618784530246,1
FLMC,0.792312661498708,0.06681711841485996,0.7419499105545606,0.19186046511627874,0.8124953120663662,853254400.0,95.0,-0.09523809523809523,0
BEEF,0.7910206718346253,0.03900009125185123,2.5958418180672083,0.0781909196231445,1.342741989320153,2516590400.0,418.0,-0.004761904761904745,1
CRSN,0.790374677002584,0.03255075738073572,0.37077588009439166,0.09292062148600477,5.399219560329315,194172600.0,138.0,0.045454545454545414,0
SOHO,0.789405684754522,0.07769367266777076,0.4716756040130303,0.36718596991008634,0.7489948807137166,137421500.0,1620.0,-0.006134969325153339,1
GRIA,0.789405684754522,0.07433628625528431,1.090496797645835,0.4702702702702697,0.549812350147034,538089950.0,170.0,-0.005847953216374324,0
JAWA,0.7890826873385013,0.05924334834100622,0.4863126928631232,0.2094465648854955,0.9836343504086217,1080174050.0,156.0,-0.025000000000000022,0
INCI,0.7871447028423773,0.03677893515153088,0.2663017414793951,0.17202309619784262,3.1265650794513475,73598500.0,815.0,0.012422360248447228,0
LUCY,0.7861757105943152,0.0751017340918908,0.34539936664320936,0.05373936408419189,1.773798803095047,22405889400.0,362.0,-0.010928961748633892,0
SPRE,0.7858527131782945,0.041539614517449724,0.24419867680458252,0.11405835543766574,4.09493850061148,246205700.0,98.0,-0.05769230769230771,0
TUGU,0.7816537467700257,0.036274797644444516,0.356593673965937,0.0979625059076834,2.7721974098730664,2993077250.0,1590.0,-0.033434650455927084,0
RSCH,0.7810077519379846,0.03169860761552339,0.6792385057471269,0.37783672266430846,1.0959077626866895,9136510700.0,440.0,-0.004524886877828038,0
TRJA,0.7806847545219637,0.05013259060209646,0.23458118307586262,0.04032258064516103,17.076284872631973,97834600.0,129.0,-0.03007518796992481,0
KBLM,0.7784237726098191,0.02721689817214862,0.30212765957446797,0.21589403973509969,5.206836488461407,47076800.0,372.0,-0.015873015873015928,0
TGUK,0.7781007751937985,0.07667466286823822,0.6031746031746039,0.26250000000000084,0.6441450668106975,742803950.0,101.0,-0.08181818181818179,0
TNCA,0.7761627906976745,0.03759802728429713,0.2941390607935932,0.07046070460704623,5.301674911344239,269032150.0,180.0,-0.01098901098901095,0
PLAN,0.7745478036175711,0.06268568581340107,0.8673050615595075,0.6707466340269277,0.5171650450772115,565751500.0,65.0,0.0,0
BWPT,0.7722868217054264,0.07813111168375228,0.48093298778230387,0.19850187265917674,0.7408851429831447,34457092900.0,120.0,-0.032258064516129004,0
PSAB,0.7703488372093024,0.05228557687768291,0.533202994328023,0.20493358633776104,0.8400757714296316,39344645000.0,560.0,-0.008849557522123908,0
ARCI,0.7700258397932817,0.030673009831472853,0.5872869814862529,0.15165768909794441,1.4270755748762998,58794376750.0,1380.0,0.029850746268656803,0
SOCI,0.7700258397932817,0.040062384802839884,0.7794351444870475,0.14280652019844076,0.9899393844311444,12359283500.0,645.0,0.040322580645161255,0
SMDR,0.7693798449612403,0.027769880938564966,0.39510808270676634,0.2557119205298011,1.8635995744886995,6599401700.0,394.0,-0.01005025125628145,0
TRIN,0.7671188630490956,0.06840497056018817,0.12314840554386253,0.12314840554386253,5.601360309519157,10845002400.0,358.0,0.04069767441860472,0
PPRI,0.766795865633075,0.06604433735817125,0.32398933514950534,0.2665245202558637,0.8988950194642248,714297650.0,165.0,-0.046242774566473965,0
BLUE,0.7658268733850129,0.05717346416179075,0.3104595550010394,0.26090436174469755,1.0022677354374245,813146000.0,2990.0,-0.009933774834437137,0
CENT,0.7651808785529716,0.07605464004418248,0.4568654646324546,0.24366564053990047,0.6857242014936555,1315075650.0,104.0,-0.018867924528301883,0
NICK,0.7622739018087855,0.058779401948573916,1.4588966163944668,0.5465081196201969,0.44233199107258836,42341500.0,2820.0,0.014388489208633004,1
PKPK,0.7613049095607236,0.04406421682973527,0.6140941881039865,0.11842487648939248,0.9739899152232306,3328978000.0,4300.0,0.0,0
TRUK,0.7613049095607235,0.0839460215724675,2.2489952060432885,0.9363636363636358,0.28474999962078634,329629500.0,1420.0,0.09652509652509655,4
INET,0.7580749354005168,0.06868210010921232,0.540150820133315,0.24043956043955994,0.6040314225506384,220529048700.0,332.0,-0.017751479289940808,1
WIRG,0.7551679586563307,0.051721898586901086,0.33720330237358054,0.0655838815789469,1.4609502257874394,13171459000.0,73.0,-0.03947368421052633,0
MEDS,0.7545219638242893,0.08846414665003363,0.21078125000000125,0.06296296296296355,1.582274574415836,2749811550.0,82.0,-0.046511627906976716,1
DEWI,0.750968992248062,0.02763205240699589,0.5864646862089304,0.2615769712140177,1.1374472050212927,7202081700.0,189.0,0.032786885245901676,0
MINE,0.748062015503876,0.035264981086081906,0.4527674078883308,0.2984912229798349,0.9081091149875871,538994700.0,306.0,0.0,0
VTNY,0.748062015503876,0.047831137162411504,0.5441392980811148,0.13460509894811867,0.8239948766003081,2013584850.0,74.0,-0.038961038961038974,0
POWR,0.7474160206718348,0.03608628465380157,0.33510034078000683,0.14554905782975935,1.3417296294009977,7686623500.0,1025.0,0.009852216748768461,0
KJEN,0.7467700258397933,0.04345748164310492,0.570969696969696,-0.018143939393939768,5.503764625077227,1169844250.0,161.0,-0.030120481927710885,0
GDST,0.7451550387596899,0.02229047472811895,0.4921026100593697,0.06194690265486735,10.944755571086779,813129050.0,120.0,0.06194690265486735,0
KOCI,0.7445090439276486,0.039561867022974886,0.29975728155339776,0.059061488673139095,1.911169392022689,2497444350.0,119.0,0.008474576271186418,0
KKGI,0.7438630490956072,0.021877344880793896,0.27712419974391866,0.17415441554436106,10.592915329968568,1063036100.0,324.0,0.03846153846153855,0
IMPC,0.7432170542635659,0.03940497994890988,0.22826086956521752,0.14084016710505964,1.6621069399859896,26436818500.0,1695.0,0.014970059880239583,0
KETR,0.7432170542635659,0.05731335767405633,0.45286838610027,0.28080556420637404,0.608291061895658,36269220250.0,995.0,0.005050505050504972,0
VICO,0.7412790697674418,0.02594433066284477,0.24283571777631718,0.1390728476821197,5.926902520928913,16914400.0,172.0,0.005847953216374213,0
BBLD,0.7399870801033592,0.03916840897500059,0.26951357466063297,0.10024509803921555,1.5548209789940999,39024750.0,670.0,0.0,0
SMLE,0.7399870801033592,0.044868952210054915,0.638276838447239,0.08938547486033532,0.8506209656041164,5073002400.0,210.0,-0.01869158878504673,0
MSIE,0.7380490956072351,0.056128533557063626,1.0340477648499693,0.4736468500443658,0.3557518904508783,1899169950.0,173.0,-0.005747126436781658,0
SMKM,0.7374031007751938,0.040150623145381925,0.5956634600702402,-0.009009009009008695,2.5273299663211475,362705350.0,95.0,-0.050000000000000044,0
LSIP,0.7370801033591731,0.024108878511827737,0.2815841398522163,0.16186959197711848,3.5297492187672646,17851754500.0,1695.0,-0.023054755043227626,0
EKAD,0.7370801033591731,0.07848389714785753,1.5275948273420026,0.2963569002778641,0.2703698333772311,4418981900.0,398.0,-0.00995024875621886,3
RELI,0.7361111111111112,0.02855687304247265,0.18024889602569183,0.14139296529233603,7.798803403385346,8315250.0,560.0,0.05660377358490565,0
TOWR,0.735142118863049,0.03389579681545926,0.20765857561790613,0.10830227041680773,2.7124422823654752,25355595600.0,414.0,-0.06334841628959276,0
PICO,0.7344961240310077,0.08286472952839781,0.6949198220257999,0.4551892551892549,0.2754190669465533,412833800.0,177.0,-0.01666666666666672,1
SOFA,0.7322351421188631,0.06285611095829717,0.5993985647022173,0.19152046783625742,0.47829344188859474,1895047100.0,350.0,0.011560693641618602,0
NRCA,0.7296511627906976,0.03901972665904457,0.32972170708157633,0.03079681896148423,1.8714040461520558,3746572000.0,585.0,-0.040983606557377095,0
GWSA,0.726421188630491,0.026728832916706607,0.3618574969618127,0.12484108822781592,1.612482510523392,252473250.0,158.0,0.019354838709677358,0
AHAP,0.726421188630491,0.0544555533767659,0.2602040816326523,-0.0030921459492890824,4.222793743313402,2490896700.0,104.0,-0.09565217391304348,0
BAJA,0.7235142118863049,0.08001857837211102,0.812832476448037,-0.2340532395781013,26.906348668631267,1459430400.0,350.0,0.25,3
LABS,0.7222222222222222,0.06451724175847465,0.2751273838760193,0.010809231668128083,1.6045281854945312,204254000.0,173.0,0.005813953488372103,0
JATI,0.7218992248062016,0.032731632261001155,0.2668310463121788,0.12607204116638093,1.3924586666467482,1901094850.0,117.0,0.008620689655172376,0
JAYA,0.7215762273901809,0.07463153173437287,0.3820204681864756,0.1763405196241019,0.5452179493814938,1262642950.0,160.0,0.0,0
VAST,0.7170542635658914,0.052390979869211866,0.10909090909090913,0.070175438596491,4.761522406815165,190909550.0,122.0,-0.016129032258064502,0
PTSP,0.7164082687338501,0.0948412815116857,0.4566580478345188,0.3458253702818923,0.2679995893944562,75498250.0,1245.0,0.01632653061224487,2
AADI,0.7144702842377261,0.025366720333845908,0.3888334406031366,0.1737247382704099,1.3572472487601688,135750842500.0,11975.0,-0.03232323232323231,0
DEFI,0.7109173126614987,0.08958739710107994,0.07766990291262155,0.026648351648351998,9.003761811915096,1264935650.0,111.0,-0.02631578947368418,1
GSMF,0.7109173126614986,0.08986513812398224,0.16598976299098744,0.03166496424923371,1.4884894768464507,597344700.0,101.0,-0.009803921568627416,1
COCO,0.7102713178294574,0.06565494658742085,0.7983386074444618,0.21744815991033062,0.27696740580820306,87470071900.0,133.0,-0.029197080291970767,3
NZIA,0.7099483204134367,0.10926193145609271,0.32690713101160873,0.31707818930041176,0.34781488722599874,4829696950.0,173.0,-0.03351955307262566,0
SGER,0.709625322997416,0.04065519561809552,0.789862809810393,0.37003519356460446,0.3675881625181021,33290500750.0,700.0,0.0,0
OILS,0.7080103359173127,0.02638330265503533,0.43529844569116016,0.11579880043620472,1.2738731799459369,2207825900.0,306.0,-0.019230769230769273,0
RODA,0.7076873385012921,0.03847990881644318,0.18028815628815575,0.015873015873015373,10.012725258712722,1021794550.0,64.0,-0.04477611940298509,0
APEX,0.7067183462532299,0.035989072260760244,0.48195506348116113,0.014808389355307927,1.411927791619534,3290366000.0,183.0,-0.051813471502590636,0
YPAS,0.7063953488372093,0.06495929774752039,1.6395890245313667,0.2040925266903919,0.20259119547003968,426405500.0,1340.0,-0.007407407407407418,3
KOKA,0.7060723514211886,0.05959176319966006,0.9505666163096476,-0.0563169996118128,1.764533539988805,2079854600.0,187.0,-0.010582010582010581,1
NIKL,0.7038113695090438,0.051362891047644056,0.23927981800455012,0.09696335078534024,0.9952224467488485,1201713450.0,216.0,-0.027027027027026973,0
PGJO,0.70187338501292,0.036569057035591435,0.29032258064516214,0.06451612903225867,1.2982426726731835,617329500.0,880.0,-0.005649717514124242,0
MEDC,0.7018733850129198,0.028210719124626072,0.3269241967612253,0.043097032596782325,1.9253186022101674,79660366250.0,1460.0,-0.042622950819672156,0
FIRE,0.6999354005167959,0.0430040046453916,0.2105794897427431,0.08771929824561364,1.255517822236639,3182097800.0,124.0,0.016393442622950838,0
KBLI,0.6996124031007752,0.032004908938132424,0.15871853980254302,0.12286843591191343,1.993615114235501,341400000.0,366.0,-0.005434782608695676,0
SMBR,0.6996124031007752,0.047045636281471855,0.18711656441717817,0.023621468719003724,2.009114296642581,841589900.0,172.0,-0.0337078651685393,0
RSGK,0.6992894056847545,0.028239321098055672,0.263313245603247,0.18050789293067893,1.2645880861850443,24656250.0,1075.0,0.0,0
SMIL,0.6986434108527132,0.024896443460202828,0.5628504337335536,0.1047266223811949,1.1700074817494948,17056705800.0,426.0,-0.009302325581395321,0
VRNA,0.6979974160206719,0.08161393259898869,0.21545893719806908,0.11822222222222267,0.7433234666500598,275388050.0,85.0,-0.05555555555555558,1
MGLV,0.6967054263565892,0.04662950964825584,0.8349025086557735,0.39342220582130194,0.21617221498299724,17227711250.0,14400.0,0.0,0
FISH,0.6963824289405685,0.0366612239569572,0.1773706161269426,0.074673771947803,1.8096607442401835,29211000.0,650.0,-0.022556390977443663,0
TMPO,0.6912144702842378,0.09290266804069751,1.1555458338941977,0.060535117056856214,0.2889023163346277,3524952700.0,151.0,-0.01948051948051943,2
AALI,0.6912144702842377,0.01918120875954499,0.4229152900753259,0.11834479320301594,1.7925485043341594,14447871250.0,8600.0,-0.008645533141210415,0
INAI,0.6895994832041343,0.015607489064973399,0.46616541353383534,0.058139534883721256,13.358310414368788,191526250.0,182.0,0.02824858757062154,1
TAPG,0.6883074935400517,0.03920393221154769,0.42234512609335995,0.15193392317767507,0.5950023923462654,36539443000.0,2210.0,-0.01777777777777778,0
NAYZ,0.687984496124031,0.04179168885223217,0.39876718824087276,0.25815470643056826,0.46956657823766224,2142528550.0,75.0,-0.013157894736842146,0
JAST,0.6876614987080103,0.054705623704918604,0.49763612966912785,0.26621379133555445,0.27635236135560837,1207949150.0,89.0,-0.011111111111111072,0
OBMD,0.6876614987080103,0.02892793921413313,0.2665843386846529,0.0426849136526557,1.8921838218219227,161701150.0,200.0,-0.019607843137254943,0
CUAN,0.6876614987080103,0.03773957751924661,0.5973890207199908,0.05930470347648309,0.7304663747043363,392367683750.0,925.0,-0.021164021164021163,0
MMLP,0.687015503875969,0.021143927202613585,0.15852376008737634,0.149872714649387,12.97107543429611,203449900.0,338.0,0.05624999999999991,0
INDR,0.687015503875969,0.03256836613463532,0.4508090334861987,0.15714285714285703,0.6856181463121527,83212500.0,2880.0,-0.013698630136986356,0
TRUS,0.6866925064599483,0.05179257057446553,0.6057389673876663,0.09540886249428993,0.4291782621471661,46282400.0,442.0,-0.030701754385964897,2
FAST,0.6857235142118863,0.05249491687885951,1.0788606445591555,-0.14623255159804538,3.1339445128005003,7153556200.0,426.0,-0.05752212389380529,0
SMKL,0.6847545219638242,0.021023761333035382,0.2305936073059358,0.08118047255677108,5.649437773520846,25683600.0,160.0,0.02564102564102555,0
ESTI,0.6841085271317829,0.06380893159031115,0.4056942637888665,-0.0185966557274575,1.3020261733108995,579422300.0,160.0,-0.041916167664670656,1
GULA,0.6815245478036176,0.02690427706516394,0.42970030662724756,0.16494698977659983,0.8383440016755433,19841922250.0,815.0,0.006172839506172867,0
CBPE,0.6799095607235143,0.045508093305939246,0.9996954005482794,-0.07600281491907068,1.883773096086255,67316600.0,505.0,0.01814516129032251,1
MBMA,0.6789405684754521,0.04096856241993709,0.1549024006296722,0.028658008658008383,2.1173174150408998,59601216900.0,545.0,0.04807692307692313,0
BFIN,0.6753875968992249,0.025666947642441967,0.36847999935540243,0.0034266808460357012,2.869489526489909,16163277500.0,965.0,-0.02030456852791873,0
IMJS,0.6744186046511629,0.044901120984232344,0.4186027215399921,0.1531249999999995,0.43859400812805943,747509300.0,189.0,0.005319148936170137,0
DSNG,0.6737726098191215,0.0256562881054087,0.3811110160793696,0.16306179775280927,0.9288705837455971,7401259250.0,1690.0,0.01807228915662651,0
CINT,0.6702196382428941,0.019758351037035184,0.1937295012228366,0.071757553426677,18.699058652054298,39655900.0,195.0,-0.034653465346534684,0
ABDA,0.6695736434108527,0.03393318300961479,0.4316363636363636,0.24000000000000044,0.4680168564060633,15899000.0,4960.0,-0.002012072434607659,0
PURI,0.6689276485788114,0.031805268553571485,0.18429614014794038,0.10713599692662279,1.2913778943224292,1101494850.0,159.0,0.006329113924050667,0
OLIV,0.6686046511627908,0.06179299301961679,0.2444444444444447,0.16613852421910336,0.4893365621346645,831598600.0,56.0,-0.01754385964912286,0
PDPP,0.6686046511627907,0.021651965404413137,0.29224283497626824,0.14252930087697724,1.401704890511181,62901400.0,340.0,0.0,0
EMAS,0.6666666666666667,0.045867804486536504,0.2758495736456974,-0.03688948675496695,2.5546884523084934,127957977500.0,7650.0,0.006578947368421018,0
LTLS,0.6640826873385013,0.03747789408579254,0.3230189885429462,0.16714235990254078,0.5749240547951817,165744500.0,1010.0,0.015075376884422065,0
NINE,0.6618217054263565,0.05427317428856278,0.18001525553012998,0.07132963988919672,0.9203945626548791,1080016050.0,85.0,-0.03409090909090906,0
WOMF,0.6618217054263565,0.031308435050859396,0.1779051335203028,0.02957633892885725,2.1417441966873074,81957500.0,280.0,0.01449275362318847,0
DFAM,0.6611757105943152,0.037853755407607347,0.13790970933828128,0.12332112332112377,1.197076193422894,959748850.0,92.0,-0.010752688172043001,0
HRTA,0.6608527131782946,0.026421528546783892,0.3988434327417376,0.07418709881090169,0.9840332855523021,17987263500.0,2200.0,0.032863849765258246,0
BOLA,0.6608527131782945,0.04044269199821293,0.18416666666666726,0.15216216216216227,0.8243732879029264,191413650.0,174.0,-0.011363636363636354,0
NIRO,0.6582687338501292,0.02861745767502044,0.44849043078154116,0.17767352339708853,0.5937441787679162,66298250.0,178.0,-0.016574585635359074,0
TINS,0.6579457364341086,0.025173168120910982,0.4580136072600218,0.21503474254880484,0.68550573370251,203437569000.0,4750.0,0.010638297872340496,0
PTBA,0.6572997416020672,0.02473376975545827,0.2707728786992516,0.2377184851694918,0.9608654805311807,113185215000.0,3090.0,-0.015923566878980888,0
BUMI,0.6540697674418604,0.032649571608745744,0.3535396481825068,0.021869244935543763,1.0370440094272735,643086229550.0,193.0,-0.044554455445544594,0
JSPT,0.6511627906976745,0.0198432676132973,0.2751103301732598,0.054038372272938506,2.4244515687475237,34701250.0,1465.0,-0.010135135135135087,0
SHIP,0.6489018087855297,0.043809375024110225,0.7862483349822929,0.07259454898939843,0.31332106829600376,266611500.0,2720.0,0.0036900369003689537,0
WINS,0.648578811369509,0.043007292976106434,0.1637162276975359,0.10909090909090868,0.8591010605878538,1385599500.0,610.0,0.0,0
DSFI,0.6479328165374678,0.017695904877474376,0.327455088658674,0.09708193041526392,1.751771205849711,575631850.0,92.0,-0.010752688172043001,0
LION,0.6447028423772609,0.033617260948752316,0.23196448390676871,0.0755813953488369,0.885500924322468,27371400.0,370.0,-0.010695187165775444,0
DIVA,0.6434108527131783,0.025358753599952655,0.3106344307137414,-0.009125067096082407,3.3542563390954157,373872350.0,142.0,-0.03401360544217691,0
MARK,0.6414728682170543,0.024106227639959614,0.27045597964185975,0.08228645946533364,1.1864247179503526,14713145500.0,1180.0,-0.052208835341365445,0
IFII,0.6408268733850129,0.03384428574909364,0.050000000000000044,0.03960396039603942,13.402866362467542,15866800.0,210.0,0.01941747572815533,0
NFCX,0.6408268733850129,0.023758747414558353,0.15384615384615352,0.06811145510835881,2.8661671049231656,16447750.0,1700.0,0.0,0
PART,0.6395348837209303,0.03808192970527345,0.11111111111111116,0.03006872852233644,1.9337786711338805,1076912850.0,110.0,-0.009009009009009028,0
ANTM,0.6385658914728682,0.020303085765218262,0.3055311482178469,0.10900493853104964,1.2348840524214422,363508885000.0,3340.0,0.018292682926829285,0
URBN,0.6382428940568475,0.027381638874275218,0.13650107152337476,0.08519003931847902,1.7415647818927111,30909100.0,230.0,0.00877192982456143,0
NEST,0.6382428940568475,0.019938825154036176,0.356821474872264,0.06496868043692094,1.3561192330306533,3678334750.0,740.0,0.013698630136986356,0
MAPI,0.6379198966408268,0.025419810305433166,0.1320754716981134,0.04276158623984716,5.0560815395006875,6635606000.0,1500.0,0.030927835051546282,0
NOBU,0.6363049095607235,0.023151040428356622,0.24087696941612657,0.03686031253727817,1.777009751992526,1080707350.0,530.0,-0.01851851851851849,0
SNLK,0.6350129198966408,0.026057356579062708,0.14716486397902329,0.08678776587486436,1.6294746221778527,3457420400.0,250.0,-0.03100775193798455,0
ASRM,0.6340439276485788,0.010238907604208489,0.23831041744085124,0.08185721953837888,191.0839210306317,4665100.0,290.0,0.013986013986013957,0
MMIX,0.6330749354005167,0.00873303878705893,0.9873027307596889,0.12432523616734126,1.4437055344988339,21984072750.0,860.0,0.0117647058823529,2
UCID,0.62984496124031,0.022371895552224977,0.4088397790055245,0.16438356164383539,0.7128426566941592,660482500.0,510.0,0.020000000000000018,0
SWID,0.6291989664082688,0.03329879994254208,0.4657938177557679,0.15722872508699792,0.2992521439736208,1186511800.0,124.0,-0.015873015873015928,0
RUNS,0.6272609819121446,0.03697000429800895,0.11475409836065564,0.0793650793650793,1.1953747492579754,69842700.0,68.0,-0.02857142857142858,0
FITT,0.625,0.05698966472748764,0.23194812849985236,0.19753616960320852,0.2761846476511323,601147100.0,440.0,0.00917431192660545,0
PEGE,0.6243540051679587,0.03272558928498726,0.3799706888128962,0.11652173913043451,0.41835486047670595,2638571950.0,132.0,-0.022222222222222254,1
GEMA,0.6227390180878554,0.035154736397891614,0.19871485943775147,0.1237951807228923,0.681225197871784,245304050.0,91.0,-0.010869565217391353,0
LMAX,0.6224160206718345,0.032083107265495195,0.4693542706062268,-0.026951058201058364,1.1953045228582757,81972500.0,107.0,0.009433962264151052,0
IBOS,0.622093023255814,0.044145903736628585,0.3145620581304007,0.22009569377990434,0.1884899516775198,1057965150.0,90.0,-0.01098901098901095,0
PTRO,0.6217700258397933,0.02748006500556389,0.34326501642237295,-0.02868402533427139,1.994183208800379,219966207500.0,5325.0,0.0,0
HYGN,0.6217700258397933,0.017912763956202563,0.3261202552098805,0.03551790281329925,1.880678323597365,348184850.0,183.0,0.016666666666666607,0
DGNS,0.6211240310077519,0.030023556220216605,0.19062667704196534,0.13868348557343735,0.7858586198985643,231456900.0,278.0,0.0,0
CRAB,0.6162790697674418,0.02447297599864624,0.08653846153846168,0.08653846153846168,3.0287342099638925,106681200.0,226.0,0.05607476635514019,0
AMAR,0.6159560723514212,0.01414439135558818,0.18900833359149827,0.0726887791107973,9.523459317059942,92924700.0,240.0,0.008403361344537785,0
CARS,0.6153100775193799,0.025425096556110787,0.29158837183596686,0.1368169126445946,0.7061647471357066,704855350.0,114.0,0.008849557522123908,0
APII,0.6136950904392765,0.018034913882441567,0.1304450757575768,0.05268959435626153,109.93096875118707,14478950.0,200.0,-0.029126213592232997,0
MDIA,0.6136950904392765,0.07117607607914302,1.9456168831168839,-0.41087662337662334,1.0087103536306996,45025410750.0,191.0,-0.04500000000000004,1
KUAS,0.6127260981912144,0.03944314879321603,0.25554850982878996,0.1451706188548294,0.364427034529619,1834357050.0,100.0,0.010101010101010166,0
POLI,0.6120801033591731,0.03782525495720687,0.33416508309684834,0.08353466578812485,0.3726715172755324,26251000.0,925.0,-0.015957446808510634,0
RMKO,0.6114341085271319,0.03158069709294396,0.21429197855996907,0.072072072072072,0.7734773821971636,2481213600.0,322.0,-0.012269938650306789,2
TOTL,0.6114341085271318,0.03071253416114011,0.53517743613455,0.07554421768707464,0.3686095388047363,6719605000.0,1545.0,0.0,0
INTD,0.6107881136950905,0.062491100921665495,0.1766064124554687,-0.10273180057352749,3.446084123604929,111607200.0,246.0,-0.08208955223880599,0
DART,0.6104651162790697,0.01955094203463102,0.4153908045087755,0.005839308152856715,1.556063226756632,160580750.0,168.0,0.012048192771084265,1
KOPI,0.6101421188630491,0.01598249079557741,0.25072435773614155,0.029411764705883137,4.04750345381858,140351900.0,210.0,0.01941747572815533,0
MTEL,0.6101421188630491,0.017625117416651057,0.15364551984270247,0.14291393361160765,2.0694885372919334,13746529100.0,500.0,0.046025104602510414,0
CBUT,0.6049741602067182,0.03470751186591257,0.2948177238965255,0.12894429294896792,0.3604205972351274,185379250.0,1035.0,-0.018957345971563955,0
SBMA,0.6046511627906976,0.015171872165362999,0.14653842664005,0.09345794392523299,5.9487823740639545,117408800.0,117.0,0.026315789473684292,0
GZCO,0.6040051679586564,0.03887413997279732,0.27399219885558623,0.009085911986290496,0.7405905686460497,4498098600.0,188.0,-0.02083333333333337,0
TLDN,0.6030361757105944,0.025588507915075914,0.23515951002826685,0.07826086956521716,0.8553705895555952,872127250.0,620.0,-0.023622047244094446,0
EPMT,0.6027131782945736,0.02365761930776513,0.17228540357215283,0.13721703679862696,1.0368893574331333,117622000.0,2650.0,0.0076045627376426506,0
DKHH,0.599483204134367,0.04142053667182764,0.19560439560439602,0.04615384615384599,0.662313311944827,1036304250.0,68.0,-0.02857142857142858,0
BIPP,0.5985142118863049,0.04721359434342991,0.10377358490566047,0.03174603174603163,1.0173385490005273,931041000.0,67.0,-0.02898550724637683,0
HDFA,0.5968992248062016,0.011383624342397232,0.2402436672238657,0.06195774216596961,4.132658278091409,69535050.0,102.0,0.0,0
AMMS,0.5968992248062016,0.05123660084513535,0.13266747376916865,0.106326369728025,0.5751773748338709,134496250.0,218.0,0.01869158878504673,0
BSIM,0.5956072351421189,0.07172147391392711,0.18465909090909083,0.15081168831168745,0.1702189785140381,354464000.0,1020.0,-0.019230769230769273,1
MDKA,0.5943152454780362,0.02646915382141936,0.19831622857006526,0.027210884353741305,1.1875464128950608,91147891000.0,2900.0,0.010452961672473782,0
PADA,0.5923772609819121,0.09068290835301443,0.7666168192483971,-0.07348927875243694,0.5086459164079558,9887884750.0,194.0,-0.058252427184465994,0
BMAS,0.5901162790697674,0.03840785713511708,0.12037271805273808,0.056611669057867076,0.9244153944409526,128315150.0,505.0,-0.009803921568627416,0
HAJJ,0.5881782945736433,0.03139213410396002,0.12156539341005268,0.037298981224214156,1.2253415251266044,790059000.0,112.0,-0.02608695652173909,0
MPOW,0.5859173126614987,0.02569750547708221,0.28522727272727355,0.11388140161725113,0.532422308537625,740140850.0,114.0,-0.008695652173912993,0
INTP,0.5859173126614987,0.020708402453584948,0.2941176470588245,-0.02789284727975716,3.3409521536821023,5154341250.0,5200.0,-0.018867924528301883,0
HOPE,0.5813953488372092,0.08640237492164657,0.9848886018727785,-0.11311172668513403,0.5457981117732738,13169774400.0,226.0,0.008928571428571397,0
TKIM,0.5791343669250646,0.021944957914710288,0.3484298975672233,-0.037715871710525484,2.0034272356789793,24966185000.0,7525.0,-0.0066006600660065695,0
SMAR,0.578811369509044,0.027303805875760152,0.2419566429998472,0.018252979272338488,0.8907034863259379,703247500.0,6225.0,-0.02734375,0
SMGA,0.5784883720930233,0.03214420191020816,0.2645926703945285,0.0767479674796745,0.4033659123077171,1198569550.0,86.0,0.0,0
UNIQ,0.5784883720930232,0.015539417497600959,0.2625730212275792,0.024985388661601382,1.9366386562220714,199056700.0,122.0,0.0,0
INDY,0.5771963824289406,0.03753059109471465,0.39542345361269926,0.020208145306858993,0.36997401608464836,65340999500.0,2730.0,-0.010869565217391353,0
COIN,0.5739664082687339,0.06856444287814331,0.17569355300145517,0.06891669711362791,0.28704090739960636,34369686500.0,755.0,0.027210884353741527,1
MAHA,0.5723514211886305,0.012712908402200115,0.15416445623342123,0.02768068020784109,41.641669051172165,616829500.0,148.0,0.034965034965035,0
KLIN,0.5720284237726099,0.031468279583618294,0.25921052631578956,-1.1102230246251565e-16,0.7998882372531201,17716100.0,118.0,-0.032786885245901676,0
STAA,0.5684754521963824,0.02322473602460181,0.16351934964857273,0.07570656854302049,0.9740183880760895,6214924250.0,1200.0,0.02127659574468077,0
BDKR,0.5684754521963824,0.020432227697754535,0.20934772351969655,0.006409235668789259,1.5894478423247516,1124001400.0,159.0,-0.030487804878048808,0
INKP,0.5662144702842378,0.019109630999457516,0.22208852717517802,0.006057820855615015,1.6300942606733502,33547925000.0,8625.0,-0.011461318051575908,0
HALO,0.5658914728682171,0.06711150056164286,0.17365569937845793,-0.02937625754527118,0.8567906226076812,709105450.0,72.0,-0.027027027027026973,0
PORT,0.5636304909560723,0.029913386683660267,0.15210858351940937,0.09738537324744234,0.6160757649344342,24708000.0,960.0,0.005235602094240788,0
SLIS,0.5636304909560723,0.044086971486796765,0.45153439153439145,-0.17559912854030513,1.0639751386314744,3135804850.0,88.0,-0.011235955056179803,0
LINK,0.5607235142118863,0.038781836481808475,0.24546028355020288,0.019697090157417163,0.46097571554561706,51874750.0,1745.0,0.06402439024390238,0
ASLC,0.5591085271317828,0.035513161059344635,0.10681114551083604,0.0175521821631881,1.0356428118336527,488390200.0,66.0,0.01538461538461533,0
SMGR,0.5578165374677002,0.04686970944138117,0.10302811522323707,-0.01235887786520673,1.170087593576045,35241825250.0,1550.0,-0.043209876543209846,0
DAYA,0.5565245478036176,0.023291463600049057,0.14361702127659592,0.06435643564356464,1.0544062212460301,8422750.0,1075.0,0.03864734299516903,0
BINO,0.5555555555555556,0.012377910362404697,0.23204534662867893,-0.008395734059450932,14.093308483506197,64950150.0,115.0,-0.008620689655172376,0
ERAL,0.5539405684754523,0.02615150030114361,0.17106653520383874,0.029933774834437266,0.9010311102449634,2541008600.0,324.0,-0.02409638554216864,0
RCCC,0.5529715762273902,0.021605689954817757,0.39441083261307974,0.04761904761904745,0.5636917759305591,92349050.0,115.0,0.0,0
BELI,0.5516795865633075,0.08763987617586468,0.10290076335877885,0.02120441051738786,0.5112502359838816,528637800.0,280.0,-0.020979020979020935,2
CBDK,0.5494186046511629,0.02605127872542369,0.12358219555025762,0.019169051955937322,1.2909989033181255,10240435500.0,3750.0,0.024590163934426146,0
ESTA,0.5494186046511628,0.017531662949922235,0.06432748538011701,0.027626537608388846,73.75663428743958,162125550.0,182.0,0.02824858757062154,0
HELI,0.5487726098191215,0.024949563295723884,0.17661365362611958,0.039675101530771695,0.8527216859177471,240094750.0,208.0,-0.054545454545454564,0
TMAS,0.5487726098191215,0.02341819868753795,0.25096525096525,0.09336332958380167,0.5028132473189838,1043438300.0,144.0,-0.013698630136986356,0
BBRI,0.5484496124031008,0.01911793171578344,0.16064663207442043,0.021725838264299746,1.560669247958336,511530854500.0,3310.0,-0.006006006006005982,0
AISA,0.54812661498708,0.01828520663214507,0.19018903499504147,-0.04244050561401069,40.09229268097381,464572050.0,120.0,0.02564102564102555,0
MEJA,0.5478036175710594,0.03767036472603463,0.611244979919678,-0.01666666666666694,0.3408747019364812,3463418650.0,112.0,-0.02608695652173909,0
DSSA,0.5474806201550387,0.029368759424194778,0.2772522522522505,0.01671821074806079,0.5171162888749161,426503500750.0,1060.0,-0.0535714285714286,0
DOID,0.5468346253229974,0.036716146129234,0.16305246938610019,0.057627118644067776,0.4615856353780052,1023709500.0,234.0,-0.008474576271186418,0
APLI,0.5419896640826873,0.023776191835316447,0.2231092436974791,0.10937500000000067,0.47195122598309464,94230500.0,284.0,-0.006993006993006978,0
VERN,0.5410206718346253,0.026620948557402224,0.5112045454545444,-0.0641379310344834,0.9283352847721852,2164812900.0,230.0,0.017699115044247815,0
CPIN,0.5397286821705426,0.026589383268153022,0.06061808452748019,0.022615482150274202,1.6038993386766098,89720855000.0,3150.0,0.009615384615384581,0
AUTO,0.5377906976744187,0.011326627980670492,0.27842785707282247,0.05728360309641101,1.2380036667550474,9947487500.0,3360.0,0.012048192771084265,0
MTWI,0.536498708010336,0.019087769075986492,0.10583844308184465,0.0619559651817716,1.444171466797696,16891900.0,272.0,0.0,0
LOPI,0.5361757105943152,0.04607431250016218,0.4368883934101322,-0.20079920079920088,0.8326385393387434,825664400.0,64.0,0.015873015873015817,0
INPC,0.5348837209302325,0.032807542986254316,0.11948736369838775,0.02110629377292894,0.7920884523253116,1203296800.0,152.0,-0.006535947712418277,0
BNGA,0.5342377260981912,0.009166940803410616,0.14036218929372768,0.053806915470608674,4.962422963723584,4005012500.0,1765.0,0.01729106628242083,0
GOLF,0.5335917312661499,0.023449020663673246,0.10915283251356422,0.07399068322981339,0.9538673037768559,423642050.0,174.0,0.0,0
PRDA,0.5332687338501292,0.017695378979306408,0.1458537221895997,0.12188188699734903,0.9949249587075691,2300966500.0,2810.0,-0.0174825174825175,0
KPIG,0.5326227390180879,0.07518025466789799,0.04615384615384577,-0.0136263736263742,1.036641175905106,17935236350.0,68.0,-0.02857142857142858,0
ALDO,0.5316537467700259,0.011017918943905183,0.3873131344736469,0.010435938945421164,1.333208401779876,62701000.0,955.0,0.0,1
TOOL,0.5300387596899224,0.03435958841193628,0.09978845639158762,0.028068612163065332,0.7781106662043253,2164922900.0,71.0,0.0,0
BSDE,0.5290697674418605,0.023832727521179122,0.07727920227920126,-0.022301228183581157,10.357341720837256,11276298750.0,605.0,-0.0546875,0
AMIN,0.5287467700258397,0.016663708090988962,0.10169491525423724,0.005420412480169556,7.782614037618124,18719700.0,260.0,0.040000000000000036,0
PSSI,0.5271317829457365,0.018894087001257186,0.274647542024687,0.09150399702546919,0.531817172075404,102636400.0,358.0,0.0,0
ARII,0.5268087855297158,0.018164155250282445,0.08147618074013474,0.035127201565557487,2.103108223312827,52081200.0,284.0,-0.04054054054054057,0
CFIN,0.5268087855297158,0.012031864587656132,0.15592933113624485,0.0625,1.7260325110215147,924714100.0,374.0,0.0,0
UNTR,0.5264857881136951,0.018809845172621575,0.06027998889714592,0.051169097478051206,2.160362531447307,89218191250.0,24825.0,-0.03404669260700388,0
BDMN,0.5258397932816538,0.015948955871571538,0.14941516799788324,0.03558419725413198,1.5383462733777977,7639914500.0,4400.0,-0.009009009009009028,0
BUKK,0.5242248062015504,0.01964292775378621,0.08421052631578907,0.03517587939698452,1.7152094578655972,54050250.0,1030.0,-0.004830917874396157,0
PTPS,0.523578811369509,0.025044453023839296,0.2836970811654358,0.018987341772151778,0.5243027528487813,351966300.0,161.0,-0.012269938650306789,0
SIPD,0.5229328165374677,0.029153098443082504,0.05930871956009498,-0.00037064492216443146,1.602590788542206,23660750.0,870.0,-0.03867403314917128,0
BABY,0.522609819121447,0.028646613156477426,0.2382858887320496,-0.16962005108556777,1.8993736873521545,452330000.0,202.0,0.0,1
OBAT,0.5219638242894057,0.03161406293389653,0.07010353753235532,0.04237288135593209,0.843971568739706,90829600.0,246.0,0.02499999999999991,0
CLEO,0.5209948320413437,0.023298763860167958,0.10691934695571881,0.09483208176887814,0.7875553905180538,5599266100.0,422.0,-0.02314814814814814,0
PRAY,0.5203488372093024,0.01660616191678307,0.19744029967223464,-0.014356193608604628,2.1296406986783554,7528500.0,720.0,0.0,0
SRAJ,0.5200258397932817,0.055867169801596964,0.2146021270108862,-0.17609489051094873,1.0243805551417646,25173750.0,12900.0,-0.01526717557251911,1
PSDN,0.519702842377261,0.03175563437289601,0.3190802743041541,-0.051799824407375405,0.7534566881322621,804838300.0,135.0,-0.007352941176470562,0
DMAS,0.5193798449612403,0.03514279866834048,0.15855012789319334,0.03458957150232278,0.41964715567423705,69597171350.0,192.0,-0.020408163265306145,0
MYOH,0.5193798449612403,0.023604560988208737,0.024883752749623733,-0.009185185185185074,14.901689826028981,104241500.0,1045.0,0.014563106796116498,0
PRIM,0.5193798449612402,0.020519257447757126,0.33475935828876935,0.035398230088494964,0.4984152863442955,535207100.0,120.0,0.0,0
RBMS,0.517764857881137,0.0280751439912735,0.2667299380009689,-0.03199791883454761,0.827085450120864,991134350.0,61.0,-0.031746031746031744,1
ARTA,0.5177648578811369,0.02934721987544336,0.05779490219324157,-0.06926406926406947,24.539013074652047,3556500.0,2150.0,-0.08119658119658124,0
ADMG,0.5174418604651162,0.028382368698324972,0.31295206199254655,-0.007499842440284676,0.5119913391122864,291702200.0,248.0,-0.008000000000000007,0
BINA,0.5167958656330749,0.01967549337910324,0.230678978521901,-0.06178271061782692,2.2151219923982026,923992000.0,4060.0,-0.004901960784313708,0
ASGR,0.5161498708010337,0.022937814538793,0.2274095460409118,0.015307613155654876,0.7223359874945045,2047100000.0,2120.0,-0.01851851851851849,0
LRNA,0.5161498708010336,0.022976732336731684,0.23678794162707573,0.10692520775623304,0.3482759225788338,42740250.0,216.0,0.0,0
SKRN,0.5161498708010336,0.01807266463335743,0.23708836551308576,0.07368421052631557,0.6396268225363019,73873700.0,408.0,0.0,0
SDMU,0.5151808785529716,0.048915073826517226,0.07663764806621898,0.04938099874808688,0.47069594752614385,1478176100.0,92.0,-0.010752688172043001,1
STAR,0.514857881136951,0.03669656882266628,0.4570007107320546,-0.1647366615199859,0.7694556249658514,43925600.0,380.0,0.005291005291005346,2
ITMA,0.5142118863049095,0.04771863674129977,0.13095205164945178,0.07621742563832523,0.16686851457000712,87937500.0,1455.0,0.0034482758620688614,0
IFSH,0.5132428940568475,0.03664772905412237,0.09625668449197855,-0.045674132630654674,1.5018551832696199,8894000.0,1025.0,0.09625668449197855,0
YULE,0.5129198966408268,0.04841286346889348,0.12177650429799503,0.022702226140621562,0.4108840563872801,4575500.0,3600.0,-0.052631578947368474,0
EMDE,0.5122739018087855,0.023219782823233445,0.27720234988692116,-0.0003508771929827681,0.7035238439603997,622676550.0,77.0,0.013157894736842035,0
CITY,0.5100129198966409,0.025617969356162493,0.1512410287081345,0.017375792811839874,0.777418141484906,145424700.0,177.0,-0.011173184357541888,0
MIKA,0.5093669250645995,0.019286063718926934,0.11531934661218712,-0.019886363636363535,4.015953744902062,7312577750.0,1725.0,-0.014285714285714235,0
TRGU,0.5090439276485789,0.027415221833546475,0.08092485549132955,0.061030532997624176,0.7561938830866212,53365150.0,170.0,0.024096385542168752,0
DKFT,0.5090439276485788,0.023016340984162626,0.09762110193516582,0.022212018596108773,1.1962453767711783,3662551250.0,685.0,0.03007518796992481,0
SRTG,0.5074289405684754,0.01484439828386368,0.2924415049038478,0.02704207195593633,0.845845988636947,7129422000.0,1845.0,0.04237288135593231,0
SICO,0.5067829457364341,0.019815984265854174,0.1815546772068517,0.07315516553649815,0.6359767840073536,374784750.0,114.0,-0.008695652173912993,0
MAPA,0.5061369509043928,0.02607013461308298,0.1057692307692315,-0.012404580152671318,1.3477576297120069,7832086250.0,690.0,0.03759398496240607,0
KAQI,0.5058139534883721,0.03195541330245523,0.11176470588235388,-0.04255319148936121,1.361579449927123,3265709100.0,95.0,0.010638297872340496,0
BRNA,0.5032299741602067,0.018771201239525557,0.22503160556257917,-0.014492753623188581,1.2509659700064497,292646250.0,680.0,0.014925373134328401,0
MSKY,0.5032299741602067,0.0681117827001656,0.1763392857142856,-0.04687500000000011,0.5381036119293439,774976400.0,68.0,-0.01449275362318836,0
BLES,0.502906976744186,0.03126863545359891,0.3952320058458165,-0.07195888063963451,0.6619976956528271,2792678150.0,195.0,0.0,0
WEHA,0.5016149870801033,0.018304458027978702,0.13487138187502956,-0.001000834028357267,1.6491830636065743,506052250.0,113.0,-0.017391304347826098,0
MKTR,0.5012919896640827,0.007389505265660509,0.12326544928425665,0.04132231404958597,3.421215084311289,62690300.0,126.0,0.008000000000000007,0
GLVA,0.5006459948320414,0.012716658708719967,0.16078756313131315,0.029677672955974677,1.4245479987561636,11255500.0,338.0,0.01807228915662651,0
BUKA,0.4970930232558139,0.0264124976602178,0.10420541148790274,-0.07842650103519655,3.311363761101099,10108503600.0,104.0,-0.00952380952380949,0
BBRM,0.4932170542635659,0.0250267826745601,0.24374766703994077,-0.0008995502248876353,0.5777800461037249,470244000.0,119.0,0.0,1
TBIG,0.4922480620155039,0.020616951861409653,0.10075900361672807,0.057359903115710154,0.9069496532715529,651338250.0,1470.0,0.027972027972027913,0
IATA,0.4899870801033592,0.0565870768087608,0.6992481203007521,-0.1577639751552793,0.27948748309751414,104374255250.0,113.0,-0.025862068965517238,0
DCII,0.4886950904392765,0.017302667941256775,0.13968197942777416,-0.0020228963188305693,1.5969363804817789,101187500.0,201950.0,0.03140960163432083,0
FUTR,0.48869509043927645,0.051536518717428786,0.4817686004126682,-0.36363330642991654,0.4828974090295035,17480947800.0,254.0,-0.059259259259259234,2
MCAS,0.4883720930232558,0.03017134929641272,0.7213551579748765,-0.17819173103134933,0.6357674800980856,563915600.0,266.0,-0.007462686567164201,3
NTBK,0.4877260981912145,0.032072283812689985,0.49501980198019924,-0.1206790123456788,0.5840015034987259,1672365900.0,77.0,-0.04938271604938271,2
HATM,0.4867571059431524,0.036971844100971075,0.5841176763709268,-0.12027252502780883,0.4291121241892232,10832936750.0,555.0,-0.017699115044247815,0
CLAY,0.48578811369509045,0.017940398068236472,0.21686314208274782,-0.014297239746591028,1.1130028941673402,38353000.0,2740.0,0.0,0
LPPS,0.4851421188630491,0.013451538600462186,0.2644796380090495,0.012499999999999956,0.9346819514162765,129658650.0,82.0,0.0,0
INCO,0.48481912144702843,0.02576753315825013,0.15605259923804948,-0.07871496924128485,1.5282228183712054,70163855500.0,4860.0,0.03846153846153855,0
OPMS,0.48352713178294576,0.017402459108902008,0.285824493731919,-0.1461321721311476,3.0244726877179975,305307700.0,113.0,-0.025862068965517238,0
BTPS,0.48158914728682173,0.019924617618665767,0.020838759401493157,-0.020150746039071077,30.97479209701044,2639241750.0,980.0,-0.0531400966183575,0
STRK,0.4812661498708011,0.031153561437263343,0.005811138014527373,-0.01095238095238149,1.7007771572787156,559558550.0,62.0,-0.06060606060606055,0
ENZO,0.481266149870801,0.048197664452599966,0.161455591816682,-0.059047619047619126,0.6304188495548397,1520901700.0,76.0,-0.012987012987012991,1
MLPT,0.48062015503875977,0.04326474056782511,0.8590153159957687,-0.131046906395067,0.27522647418310403,4328473500.0,1220.0,0.0608695652173914,3
IKBI,0.480297157622739,0.0319046524121058,0.04901960784313686,-0.0543972543972544,1.8998784707836662,253437000.0,535.0,-0.06956521739130439,0
KSIX,0.4796511627906977,0.016188661563567738,0.5480029769288015,0.05476673427991874,0.24915304767325258,177105600.0,416.0,0.004830917874396157,0
LUCK,0.478359173126615,0.021477658632197062,0.228532638317692,-0.01800962583449761,0.8278549938158413,510659600.0,115.0,-0.025423728813559365,0
UNIC,0.4780361757105943,0.007032485526255758,0.22996096531068133,-0.0016638935108154174,1.758589682697052,271073750.0,15000.0,-0.014778325123152691,0
KAEF,0.477390180878553,0.04400574565024622,0.05218870937187026,-6.255212677253041e-05,0.7046920114447468,436147700.0,442.0,-0.013392857142857095,0
GOLD,0.4770671834625323,0.02195163021562672,0.1666666666666674,0.0370370370370372,0.5132295300919797,34366300.0,280.0,-0.007092198581560294,0
BSSR,0.4751291989664082,0.013744024044805105,0.16684656652393182,0.07508194813507418,0.7838028554127319,5504143000.0,4960.0,0.0,0
PMJS,0.4748062015503876,0.02681766691717992,0.18282988871224193,0.031185031185031464,0.31683402909756403,230861250.0,144.0,-0.006896551724137945,0
PGEO,0.4744832041343669,0.019502198891084524,0.17842531229258873,-0.06002250016544297,1.720441926770453,11022210750.0,1060.0,0.004739336492890933,0
ISAT,0.4741602067183463,0.02495279867378254,0.3442111083186723,-0.07439370078740204,0.7729175873874666,186673265500.0,2370.0,0.0,0
ITMG,0.47416020671834624,0.009062426604085244,0.14402921446895034,0.029051823416506695,1.5752384145948137,38678945000.0,26700.0,0.007547169811320753,0
MTLA,0.47383720930232565,0.012028560463000396,0.11956521739130421,-5.551115123125783e-16,2.7911747422405044,4679750.0,515.0,-0.01904761904761909,0
BOLT,0.4728682170542636,0.014829473461408463,0.0858857615894042,0.03125,1.4755940816021522,8363750.0,825.0,0.0060975609756097615,0
ELSA,0.47254521963824286,0.021728451669656874,0.27243123881931997,-0.04881386861313852,0.8775384509336512,14797348750.0,695.0,-0.014184397163120588,0
PADI,0.4715762273901809,0.035236866144038495,0.04979945799458041,-0.15068493150684936,3.4340392803843787,11431919700.0,62.0,-0.07462686567164178,0
LAJU,0.4702842377260982,0.025125350289672898,0.0983606557377048,-0.01492537313432829,1.129085537110981,1307813050.0,68.0,-0.02857142857142858,0
AMRT,0.4699612403100775,0.02124891431945483,0.03585657370517925,-0.019109325022553914,3.3753401714796856,39213770250.0,1300.0,-0.018867924528301883,0
CTTH,0.46770025839793283,0.02908829952323061,0.17841269841269813,-0.03244094488188998,0.6877020931136167,1493108150.0,128.0,-0.022900763358778664,0
BCIC,0.4677002583979328,0.02610246427257899,0.12660667405192894,-0.014598540145985828,0.8604755798158649,93458550.0,135.0,0.00746268656716409,0
DMND,0.46705426356589147,0.015219587196258048,0.05086848635235697,-0.008454734651404783,8.569299415796495,21739000.0,630.0,-0.007874015748031482,0
CASA,0.4652777777777778,0.03640892907686701,0.0,-0.045205398715153056,2.3990305741983593,20115000.0,1800.0,-0.0027700831024930483,0
PGLI,0.46447028423772607,0.017017224591678107,0.1452649775808974,-0.06542056074766422,3.987372777957961,32374500.0,200.0,-0.04761904761904767,0
ARGO,0.46350129198966405,0.010386362000929999,0.39842245058014925,-0.012951779243705608,0.9408453156512528,189532750.0,1170.0,0.01298701298701288,0
INDO,0.46317829457364346,0.016122137287886036,0.16819037510263724,0.01142225497420779,0.9114487478817954,5224796250.0,183.0,0.0,0
SMRA,0.4631782945736434,0.03401948884309318,0.016513328615239464,-0.16830727658753153,9.012286144347323,7454812300.0,278.0,-0.04137931034482756,0
PYFA,0.4609173126614987,0.053544728364086365,0.15889427100770015,-0.02999705188679236,0.33511840376121155,4530540200.0,246.0,-0.03149606299212604,0
ATAP,0.459625322997416,0.031288036042590235,0.08144488759970892,-0.09363553113553169,1.524558651371597,618020500.0,555.0,-0.02631578947368418,0
PSKT,0.4593023255813954,0.06009262281694714,0.156564434984519,-0.09331995412844052,0.5464215457339047,3340696600.0,230.0,-0.008620689655172376,0
HRUM,0.45930232558139533,0.02398559246116135,0.18485182770897102,0.0017806041335453049,0.47552598859560113,15743925000.0,890.0,-0.005586592178770999,0
ASJT,0.45801033591731266,0.015631371909427927,0.0601635991820042,0.025964773401939256,1.5564790672470634,36262550.0,161.0,0.0,0
IKAN,0.4560723514211886,0.019382583216326594,0.2075311137113074,-0.04408235442718156,1.0730916596714273,790418500.0,88.0,-0.03296703296703296,0
VKTR,0.4554263565891472,0.03391160523519301,0.1803442028985509,-0.2331096986817326,1.0003814720377615,68444073000.0,785.0,0.01948051948051943,0
TAMA,0.4541343669250646,0.05310799562875386,0.3243895189317716,-0.21601398601398591,0.3877764258705922,1709642350.0,202.0,0.030612244897959107,1
PMUI,0.45381136950904394,0.01774795446331377,0.2467278287461776,-0.0259938837920487,0.875760921096619,296885250.0,104.0,0.009708737864077666,0
MBSS,0.4531653746770026,0.008234118640381916,0.15590106007067162,0.017518538794605076,1.3718025246297356,3894987000.0,2900.0,0.0034602076124568004,0
HEAL,0.4528423772609819,0.028969971653501642,0.02325581395348819,-0.06321650835244064,2.017878045140634,10088183500.0,660.0,-0.02941176470588236,0
PTPW,0.4509043927648579,0.005124548054131025,0.18756562586349856,-0.021132347637937143,2.57490298956113,36594000.0,1160.0,-0.008547008547008517,2
SGRO,0.45058139534883723,0.014574054991522546,0.7676779090534409,-0.046117021276596004,0.7121056615138318,252353000.0,4540.0,-0.023655913978494647,1
KOTA,0.4505813953488372,0.04492365274177557,0.501742353139363,-0.30545093115714594,0.30580978934002495,70157342400.0,187.0,-0.03608247422680411,0
AKRA,0.4502583979328165,0.020960687904041684,0.1354281975561893,-0.014948453608247148,0.9589726546804201,19899209750.0,1470.0,0.0,0
SAMF,0.4492894056847545,0.02404353693798205,0.13983371126228294,0.09912536443148667,0.17678676130104892,126550200.0,312.0,-0.012658227848101222,0
BBYB,0.4492894056847545,0.02682572041127403,0.03632220604777392,-0.13108661417322842,7.0681126018722695,7181603500.0,228.0,-0.06557377049180324,0
FORE,0.4492894056847545,0.02091655892371872,0.32084639498432654,-0.06001115448968186,0.735185725671737,4072976250.0,795.0,-0.01851851851851849,0
IMAS,0.4476744186046511,0.03220665426283682,0.10398329292191155,-0.005615750528541019,0.5039659421913512,156205000.0,865.0,-0.011428571428571455,0
RANC,0.44735142118863047,0.014948050736033976,0.07851851851851821,0.03703703703703698,1.1367803575819313,14234500.0,560.0,0.018181818181818077,0
ENRG,0.44670542635658916,0.027683021042428847,0.13929553452109844,-0.03159879565706647,0.7364370788308021,105950590000.0,1305.0,-0.003816793893129722,0
TGKA,0.44670542635658916,0.012449134305659729,0.07732300498970579,-6.661338147750939e-16,2.4590086359872236,4226500.0,5000.0,0.002004008016031955,0
RIGS,0.44589793281653745,0.03016192241754213,0.0,-0.10370370370370352,15.114450014342108,36605500.0,605.0,-0.0546875,0
IRRA,0.44573643410852715,0.030468725266037736,0.03930762993574577,-0.021447253705318414,1.0409452241992403,178040300.0,366.0,-0.010810810810810811,0
ISEA,0.44541343669250644,0.021079444626983204,0.3234823529411761,0.008751793400286978,0.21373958388189407,892487000.0,89.0,-0.011111111111111072,0
PNSE,0.4444444444444445,0.011101160810065899,0.03750000000000009,0.0,9.075042452458868,4446150.0,488.0,-0.008130081300813052,0
NAIK,0.4441214470284238,0.02691826431328564,0.08710262828535864,0.0007171886206081002,0.627954334606664,389660500.0,92.0,-0.010752688172043001,0
DOSS,0.4437984496124031,0.014655401208460508,0.24060150375939782,-0.029411764705882693,1.0541174504574313,351861550.0,171.0,-0.017241379310344862,0
MPXL,0.4421834625322998,0.015981081807607007,0.19343242980666453,0.012195121951219301,0.6950248602142495,85568450.0,166.0,0.0,0
BSML,0.44218346253229973,0.010796585831149532,0.22994934571549175,0.07766990291262132,0.5060947336896853,6961235250.0,555.0,0.009090909090909038,0
OMRE,0.44137596899224807,0.026610473812641245,0.0,-0.0800000000000003,18.23716523446107,12480750.0,920.0,0.0,0
BOGA,0.44121447028423777,0.02798494078497257,0.26712446647390786,-0.009476891421335676,0.10386128952701616,23314750.0,1615.0,0.03194888178913735,0
ABMM,0.440891472868217,0.014745589037982475,0.19373732251521303,0.022364039955604875,0.6668656847288538,1733511000.0,2760.0,-0.010752688172043001,0
BPII,0.43992248062015504,0.020617228037428856,0.21666906027095645,0.05842911877394674,0.10121024486349564,12435500.0,468.0,0.017391304347825987,0
UDNG,0.4395994832041344,0.05462412698378727,0.008230452674897304,-0.6336202259279182,1.9679665678106568,4626678750.0,490.0,0.004098360655737654,0
BATR,0.438953488372093,0.022252869153476823,0.11443174184520966,-0.052512449071978495,1.3232632319255506,43154150.0,91.0,-0.021505376344086002,0
SCMA,0.438468992248062,0.025448520204901588,0.0,-0.061599999999999766,11.1331019468373,7285472700.0,184.0,-0.061224489795918324,0
GEMS,0.437984496124031,0.016930381580026327,0.18628785763175215,0.06732932466151276,0.37277881432750987,969428750.0,7275.0,0.0174825174825175,0
AMFG,0.43733850129198965,0.007869470707102883,0.14898869246695345,-0.012012012012012185,1.91391345775421,24138500.0,3290.0,-0.009036144578313254,0
JKON,0.43733850129198965,0.016246121854544833,0.2972448680964923,-0.04638269100743775,0.8996989509573361,1348567650.0,82.0,-0.03529411764705881,1
ASII,0.437015503875969,0.016741589501435544,0.05317029316059996,0.004166666666666874,1.5122647687282689,203803313000.0,4820.0,-0.01632653061224487,0
ESIP,0.4368540051679587,0.044738442356675144,0.0,-0.08075425292068095,1.6093074416246806,1208237500.0,115.0,-0.04166666666666663,0
CHEM,0.4363695090439277,0.026879692369496853,0.07651441528992597,-0.08571428571428541,1.471821571435961,627330050.0,64.0,-0.05882352941176472,0
KINO,0.4354005167958656,0.01907449280076614,0.24840392947364154,0.04148010475627317,0.17066204147907596,67745000.0,1380.0,-0.017793594306049876,0
TOTO,0.43410852713178294,0.006239985305827617,0.052098347551302826,0.025423728813559254,2.919364453750462,101487500.0,242.0,0.008333333333333304,0
BTON,0.43410852713178294,0.016387117323057053,0.0951065509076563,0.016452489240255552,1.030016351319785,6849600.0,370.0,-0.021164021164021163,0
ZATA,0.4337855297157623,0.028631782116201508,0.18588235294117617,-0.12802768166090006,0.839735771003752,3249999100.0,63.0,-0.03076923076923077,1
ISSP,0.4328165374677003,0.021237678034432193,0.0627735641300482,-0.05107377322799589,1.9416761218951826,665240400.0,410.0,-0.009661835748792313,0
DEWA,0.4318475452196382,0.029908455731516743,0.21484424148675374,-0.21515151515151565,0.7927532336680753,188240439600.0,370.0,-0.03141361256544506,0
BMHS,0.42894056847545226,0.009809645470892287,0.14486837284764742,0.04175233708912485,0.8574296102547287,180244650.0,200.0,0.010101010101010166,0
BESS,0.4289405684754522,0.024676135095598004,0.046148014782525726,0.022506251736593264,0.7125326359884905,60037250.0,920.0,0.027932960893854775,0
KLBF,0.42829457364341084,0.024144775451979808,0.14612214312476635,-0.025796178343948983,0.7013027036969608,61148402500.0,760.0,-0.01935483870967747,0
TRON,0.42764857881136953,0.026379211757445863,0.05520991322829771,-0.03151515151515205,1.0830065401792992,1714463700.0,102.0,-0.009708737864077666,0
MKAP,0.4273255813953488,0.008926333437081544,0.08199677938808514,-0.03874105865522148,48.09383434675233,41402750.0,1110.0,-0.017699115044247815,0
ACRO,0.4273255813953488,0.017582714260122242,0.10769230769230731,-0.015384615384615441,1.2136130153544755,323159850.0,63.0,-0.015625,0
MBAP,0.42700258397932817,0.018591881736110722,0.14684386149245454,0.009379700012194236,0.6049556134724483,87385750.0,1695.0,0.008928571428571397,0
SIMP,0.4257105943152455,0.02111416377909234,0.13317508730815208,-0.0004066142586064414,0.6365197043404155,8024329750.0,625.0,-0.015748031496062964,0
LPPF,0.42506459948320413,0.01614303478715471,0.03426654357751513,-0.04086159305993653,10.264220172759456,2052651750.0,1525.0,-0.05572755417956654,0
ADRO,0.42312661498708015,0.01834084824425889,0.06611716631837372,-0.04102878138395638,1.9693791580255775,100524799500.0,2640.0,-0.011235955056179803,0
BELL,0.42248062015503873,0.019882153885040096,0.17241379310344884,-0.07272727272727253,1.0572414182085708,1419265150.0,102.0,-0.04672897196261683,0
LMPI,0.4221576227390181,0.016563004756750987,0.20698759960394297,0.021916167664671082,0.441421751987104,83343650.0,161.0,-0.018292682926829285,0
BPFI,0.4215116279069767,0.01620750946647493,0.07887605191841329,-0.02362204724409478,1.7530765502665595,20014300.0,248.0,0.0,0
NCKL,0.42118863049095606,0.02251632622660651,0.12184137613690926,-0.03616606297018654,0.9035415296376124,40690503750.0,920.0,-0.021276595744680882,0
APLN,0.421188630490956,0.03067857791100651,0.18705501618122966,-0.03727034120734918,0.3549622690198005,2893437950.0,126.0,-0.007874015748031482,1
KMDS,0.4208656330749354,0.008108291864036509,0.08838757396449637,0.04844674556212958,1.1807200238024398,50415000.0,525.0,0.0,0
PTIS,0.4202196382428941,0.0253150110594788,0.03225806451612878,-0.03759398496240618,1.3412730377625983,24828800.0,256.0,-0.03759398496240607,0
BMRI,0.419250645994832,0.014271404781547991,0.05562294074942775,0.004677109376328481,1.4456623624994354,549678379000.0,4260.0,-0.020689655172413834,0
NISP,0.41860465116279066,0.008492974850429812,0.10834729786342634,0.02003277213725707,1.2569510484954978,4728000750.0,1275.0,0.007905138339920903,0
MICE,0.41828165374677,0.018798212447568952,0.08763146117699727,0.00917431192660545,0.7833821294889375,6745750.0,550.0,-0.017857142857142905,0
SILO,0.41795865633074936,0.021375280711193538,0.005198180636776462,-0.0966800133466803,32.98417866764466,693936500.0,1960.0,-0.01754385964912286,0
BBCA,0.41731266149870805,0.013943184898824835,0.10427979265491594,-0.02702702702702675,1.7292175669884682,641545448750.0,6300.0,-0.007874015748031482,0
BTPN,0.4160206718346253,0.023134138953515432,0.10985312117503088,0.07897384305835042,0.14910230945982786,51354000.0,2340.0,-0.004255319148936176,0
CMRY,0.4160206718346253,0.019832076846273448,0.020408163265306145,-0.07032658785814483,5.471279602342543,12115553000.0,4500.0,0.006711409395973256,0
CSAP,0.4156976744186046,0.0180292852463284,0.12813138091675014,0.028167636559245368,0.5349598451247399,45610900.0,290.0,-0.020270270270270285,0
PTPP,0.41408268733850123,0.02305254744674851,0.17267953905573163,-0.005076142131979378,0.3752279534746766,1755456900.0,196.0,-0.005076142131979711,0
SMMA,0.41375968992248063,0.018200655996301208,0.05256241787122207,-0.011143157397677017,1.3112388195134599,28928750.0,20025.0,0.0012499999999999734,0
TLKM,0.41311369509043927,0.012545492251898962,0.07634144273967913,-0.022900763358778664,2.4907183785200675,218506756000.0,2560.0,-0.01158301158301156,0
RGAS,0.41279069767441867,0.0710244000518273,0.1393833439287977,-0.08045534712201385,0.26008403889663717,4775729050.0,107.0,-0.027272727272727226,0
PPRE,0.41279069767441856,0.02787223857567295,0.06423895253682455,0.009900990099009466,0.4454854069091912,2624942550.0,104.0,-0.00952380952380949,0
GJTL,0.4124677002583979,0.014216623577206423,0.21798631476050745,0.03060380479735314,0.3851646537147832,6947239250.0,1335.0,-0.011111111111111072,0
ROCK,0.41214470284237725,0.02717659208618188,0.35966832504145985,-0.04696145441019195,0.09156846302099425,84963750.0,1990.0,-0.0025062656641604564,1
RDTX,0.41198320413436695,0.017431417749856508,0.00979954265341676,-0.015037593984962183,2.6086415915449175,4021250.0,13100.0,-0.0019047619047618536,0
KLAS,0.4111757105943153,0.020415722406236514,0.20204421936758976,0.0028768699654775354,0.30354527504195156,784208550.0,84.0,0.0,0
LPIN,0.41117571059431524,0.005553954879067177,0.09045226130653106,0.03333333333333299,1.2580532485645002,39794500.0,434.0,0.0,0
PNGO,0.4089147286821706,0.021712808875362758,0.07115453475881073,0.02287714727672374,0.5726041943190868,7534000.0,3600.0,0.0027855153203342198,0
NSSS,0.40891472868217055,0.03139231387730231,0.3202160570581629,-0.12974296205630342,0.3410874327536157,4857882000.0,790.0,-0.024691358024691357,0
FILM,0.4076227390180879,0.06705028899747796,0.07352941176470607,-0.23958333333333315,0.7405122982118855,24233990500.0,730.0,-0.07594936708860756,0
AMOR,0.40665374677002586,0.010110428627239437,0.16397390088550545,0.033519553072625774,0.6438560104554365,35197000.0,370.0,0.0,0
SKBM,0.4060077519379845,0.012677708070866378,0.3159603106537061,-0.027777777777778123,0.6993375564525798,100084000.0,525.0,-0.01869158878504673,2
GUNA,0.40471576227390177,0.01389419923192002,0.37736498108015226,0.0185185185185186,0.2017430174155023,40894600.0,220.0,0.0,0
FAPA,0.4037467700258398,0.003444127613226797,0.017205116712064594,2.2597848684968724e-05,7.550760996822211,7473750.0,7425.0,-0.003355704697986628,0
CBRE,0.4037467700258398,0.02767269244754639,0.12595914469869918,-0.030296889249164516,0.5000703926981561,9022597750.0,725.0,0.00694444444444442,0
GGRP,0.40342377260981915,0.01988465775157307,0.10195204706914862,0.058064516129032295,0.3521928891238668,349158100.0,328.0,0.0,0
MDKI,0.4027777777777778,0.008517053755217179,0.08023194710515091,5.511463844776188e-05,1.547656199529898,40246600.0,191.0,0.0,0
BKSL,0.4027777777777778,0.020535519704908488,0.15911400121926444,-0.09276844411979501,0.9864317235673418,10411377650.0,69.0,0.014705882352941124,0
BEST,0.4024547803617571,0.039441456319909356,0.1452062839524304,-0.051144538914323134,0.2934556994810223,7221986500.0,124.0,-0.015873015873015928,0
FWCT,0.4021317829457364,0.025556898287712723,0.1904851377250012,-0.04359376886849364,0.43205120160632493,358582500.0,90.0,-0.01098901098901095,0
KBLV,0.40116279069767447,0.03160263990024806,0.4456281128943005,-0.20728417266187027,0.22971414692401276,1941675800.0,123.0,-0.03149606299212604,0
DWGL,0.40083979328165376,0.04178393264115123,0.20834392523364453,-0.2743771428571431,0.41149893004875465,1836111700.0,222.0,-0.017699115044247815,1
SCNP,0.40051679586563305,0.009929955353812357,0.09193654028091092,0.012435897435896681,1.1194603054983914,41401200.0,159.0,0.019230769230769162,0
BRAM,0.40019379844961245,0.01458503112855867,0.05528636656435926,0.008577599506325084,1.1330430575713595,2067000.0,4680.0,-0.004255319148936176,0
INPP,0.39987080103359174,0.017282282843034267,0.07861193486291018,-0.084599081596609,2.412062241271447,75127000.0,710.0,-0.04054054054054057,0
ASRI,0.39987080103359174,0.023436854720097804,0.16205714285714246,0.00013114754098331183,0.238048821080106,1511760900.0,124.0,-0.008000000000000007,0
MNCN,0.39906330749354,0.021158927947647697,0.0,-0.05999999999999994,4.9180393226131995,9402793200.0,188.0,-0.06000000000000005,0
YELO,0.3972868217054263,0.05156195729438474,0.14708172805260133,-0.1581296730275641,0.4060763404234724,7434066700.0,92.0,-0.04166666666666663,0
HERO,0.3969638242894057,0.011547827740715664,0.12718329234232417,-0.00588235294117645,1.0506491077107263,53458000.0,338.0,0.0,0
RUIS,0.3969638242894057,0.023949565952230162,0.1316526610644262,-0.009803921568627083,0.42449049662294003,200381400.0,202.0,0.010000000000000009,0
BUDI,0.396640826873385,0.020490291099319102,0.13148953699126698,0.009463244757362377,0.3815694080361277,54207700.0,226.0,0.0,0
FMII,0.3964793281653747,0.022107219419795328,0.0,-0.1069143700787405,13.825295508274232,4230000.0,238.0,-0.06299212598425197,0
AKPI,0.39599483204134367,0.01825607197743388,0.0805070980521625,-0.008748114630467763,0.8678514567476605,208402600.0,530.0,-0.02752293577981646,0
MSTI,0.39567183462532307,0.012039886760654823,0.1437443395005824,0.03030303030303072,0.6199275297296151,1838823000.0,1360.0,0.011152416356877248,0
KMTR,0.3950258397932817,0.017783941044190413,0.11845730027548096,0.05037729069349539,0.3781130091984231,19025000.0,252.0,-0.007874015748031482,0
TPMA,0.39405684754521964,0.01331502510147181,0.12441724941724885,0.025784157363104576,0.665274005577529,610055100.0,476.0,0.0,0
SKLT,0.39405684754521964,0.015207432660830402,0.21132075471697997,0.009433962264150608,0.3719439404696169,38031000.0,204.0,-0.02857142857142858,0
APIC,0.39405684754521964,0.04543965057637093,0.01980198019801982,-0.24341818181818176,1.118986959580436,579601750.0,412.0,0.0,0
EMTK,0.3932493540051679,0.02871853224697132,0.0,-0.1002595405171588,1.9442882184238357,21260009400.0,468.0,-0.052631578947368474,0
YUPI,0.3930878552971576,0.0256148732185684,0.10269793150468076,-0.0003508771929828791,0.37131188913871427,65379000.0,1295.0,-0.007662835249042099,2
JSMR,0.39276485788113696,0.01124936134196854,0.0411608501404197,-0.023463023463023203,3.4986687075044673,6494065000.0,2880.0,0.010526315789473717,0
PWON,0.3927648578811369,0.014677513601825207,0.05366146458583465,-0.012710911136107672,1.4157770511064014,9246025700.0,268.0,-0.007407407407407418,0
BBNI,0.3927648578811369,0.01677055505493524,0.0875346058402493,-0.041379408784024796,1.3687529791426225,121218810500.0,3650.0,-0.024064171122994638,0
MPRO,0.39244186046511625,0.02499207945913627,0.5804746680491955,-0.2069703079046442,0.30761958782378523,26445000.0,11675.0,0.006465517241379226,1
LPKR,0.3922803617571059,0.02654915257562059,0.0,-0.15894901144641016,5.253009451724535,8910157050.0,53.0,-0.08620689655172409,0
PNIN,0.3921188630490956,0.009615799679406114,0.013988759740828138,-0.013888888888889062,6.175950509086222,164878750.0,710.0,-0.006993006993006978,0
RICY,0.3921188630490956,0.009940504807750735,0.0848591549295763,-0.025000000000000022,1.9030458457986235,106412150.0,79.0,0.0,0
EURO,0.39179586563307495,0.045619103880255515,0.09811320754717001,-0.12452101212908129,0.571682869366615,548288250.0,1455.0,-0.03322259136212624,0
BOAT,0.3917958656330749,0.015538150528001612,0.24773630343166664,-0.06631977294228975,0.8123557113841384,387006450.0,139.0,0.007246376811594235,0
OMED,0.3911498708010336,0.030900056109108915,0.1745453972309856,-0.06854657267136655,0.36519303078908755,4672850400.0,216.0,0.009345794392523255,0
KRAS,0.39082687338501293,0.026141588464834834,0.12062747926433515,-0.05100015269506786,0.6317219542791939,903011200.0,226.0,-0.025862068965517238,0
JPFA,0.3908268733850129,0.02267577156546397,0.1509175826767939,-0.044043887147335536,0.6061469122813985,33965036500.0,2280.0,-0.017241379310344862,0
CAKK,0.3905038759689922,0.012651027479167715,0.21671007504061546,0.06634819532908742,0.19175054592753044,56738300.0,164.0,0.01863354037267073,0
ELPI,0.3900193798449612,0.04511694127164204,0.0,-0.10941532936819665,1.1193485432990535,737608500.0,620.0,-0.03875968992248058,0
DGIK,0.3898578811369509,0.028430734952117537,0.08897783251231561,0.0025510204081637955,0.24743089001463167,1389245700.0,135.0,-0.007352941176470562,0
SDPC,0.38953488372093026,0.01681636929363032,0.05794600499375746,0.006729729729729517,0.8808723340251514,52855900.0,193.0,-0.015306122448979553,0
DRMA,0.38953488372093026,0.010266600452344262,0.12750109537023402,-0.0490268539049028,1.764998448367007,714569750.0,965.0,-0.02030456852791873,0
DEPO,0.3888888888888889,0.019089899362924434,0.19889937106918198,0.016666666666666385,0.10206399541017057,77039900.0,244.0,0.016666666666666607,1
MRAT,0.38872739018087854,0.029425012945771756,0.0,-0.21013399785778297,2.9228015132354748,112447800.0,356.0,-0.0871794871794872,0
UFOE,0.3879198966408268,0.016449010010770936,0.05278822055137877,-0.027633101851851638,1.4851740430985032,58486950.0,143.0,-0.04026845637583898,0
IDPR,0.3875968992248062,0.01805530141505823,0.00751879699248148,-0.013894228128946695,1.523673831405333,10598200.0,268.0,0.0,0
SMSM,0.3863049095607235,0.008837407610834595,0.07231792939567416,-0.002932451614548248,1.5176023034237647,4258704000.0,1720.0,0.005847953216374213,0
OKAS,0.3863049095607235,0.02796970819267198,0.16985705417891794,-0.04951614042523145,0.3493122126929254,571535700.0,116.0,0.008695652173912993,0
VINS,0.38598191214470284,0.024865498691140145,0.09962463129256749,-0.007042253521127195,0.43124187463491653,58805050.0,143.0,0.0,0
PAMG,0.38598191214470284,0.01879307599029522,0.04107142857142798,-0.0704719387755105,1.99122847633722,358512400.0,53.0,-0.0535714285714286,0
HGII,0.38501291989664077,0.014581110037846432,0.08479975353386693,0.04987792117195711,0.595503370827465,225004100.0,140.0,-0.020979020979020935,0
TRST,0.38404392764857886,0.01652395623313842,0.0759108148488683,0.06647300068352724,0.4717863935342002,30969100.0,474.0,0.0,0
BISI,0.3830749354005168,0.009445357221902144,0.12836021505376394,0.021289537712895656,0.7470402689746529,168343000.0,730.0,0.0,0
CSIS,0.3817829457364341,0.028476214073314517,0.2985851054816573,-0.11480287627076613,0.24183339733495643,375250900.0,204.0,-0.009708737864077666,0
PGAS,0.3814599483204134,0.012494282360957898,0.027916222072315477,-0.019826436706232076,2.1088261214593627,43884225000.0,1475.0,-0.013377926421404673,0
CITA,0.38016795865633074,0.013583468856563995,0.14694970389656903,0.07092225609756153,0.30077352143326425,531207000.0,3480.0,-0.005714285714285672,0
MIDI,0.37790697674418605,0.013564784803134135,0.06909779686797424,0.0144880174291937,0.862394846634876,2427276100.0,268.0,0.0,0
CGAS,0.3772609819121447,0.012100937016214914,0.10268936341659995,-0.013071895424836666,1.0544196172813705,550971350.0,151.0,0.01342281879194629,0
ICBP,0.37693798449612403,0.012711378631530724,0.10059506531204732,-0.06224030470914099,1.7588604361247016,28142696250.0,6900.0,-0.007194244604316502,0
RAAM,0.37677648578811374,0.019974261605209803,0.0,-0.09844559585492274,6.934779037538305,200580450.0,174.0,-0.011363636363636354,0
BNBA,0.3766149870801033,0.02657521213174928,0.03363189322093452,-0.042298970870399355,0.8313214065196117,283828250.0,790.0,-0.03658536585365857,0
GIAA,0.3766149870801033,0.03060288397182307,0.20093978419770275,-0.20931174089068838,0.4614301486211187,8118358350.0,62.0,-0.015873015873015928,0
MERK,0.375,0.006107050248545791,0.11566810187550125,0.018154694513632608,0.8706428650191744,81619000.0,3900.0,-0.002557544757033292,0
BJBR,0.375,0.012483670536998219,0.0002953586497893568,-0.05035250761095955,37.26100398145332,1629995250.0,755.0,-0.05031446540880502,0
AWAN,0.37467700258397935,0.020728869503004062,0.145967640787658,-0.06459761818837984,0.7144571241797906,71132750.0,162.0,0.0,0
GDYR,0.3746770025839793,0.012222777944736814,0.06175094830490524,-0.008928571428571064,1.2702863961813842,7542000.0,1110.0,-0.013333333333333308,0
BKSW,0.374515503875969,0.021867774019460554,0.0,-0.03846153846153877,1.5612316969122615,125938450.0,50.0,-0.019607843137254943,0
EXCL,0.37435400516795864,0.01964564346253352,0.009964987880420217,-0.14513677811550152,6.267477055841941,14621205500.0,2500.0,-0.03100775193798455,0
WOWS,0.37322351421188626,0.03904028181125114,0.0,-0.1166666666666667,1.1019103568332476,1962091550.0,53.0,-0.0535714285714286,0
TCPI,0.37290051679586567,0.061559393703225794,0.0,-0.5881096028154853,1.0555016138767155,9955453750.0,1450.0,-0.14956011730205276,0
TYRE,0.37273901808785526,0.018650805709696423,0.088322054485511,-0.008849557522124019,0.6636098946297706,146483500.0,112.0,0.0,0
ASHA,0.3722545219638243,0.02560286092427465,0.0,-0.19396551724137934,3.4604151692896052,1134970750.0,51.0,-0.07272727272727275,0
LAND,0.37209302325581395,0.023860548413747,0.07119397878891554,-0.10450450450450455,1.089673246340862,1057076150.0,70.0,-0.04109589041095896,1
KDTN,0.37144702842377264,0.0297996574149393,0.21146953405017865,-0.07666376053472868,0.1965862648031143,1918608100.0,376.0,0.005347593582887722,1
BMTR,0.3714470284237726,0.022457248708632686,0.01778025186279608,-0.00015525539512450948,0.710235912783416,6850919550.0,115.0,-0.008620689655172376,0
BNLI,0.37112403100775193,0.00856303541072855,0.01449275362318847,-0.004739336492890711,2.11294990569322,96228500.0,2100.0,0.01449275362318847,0
PANS,0.36918604651162795,0.0068495249375801065,0.09748113856513085,0.054301552785519513,0.7140411209768551,255964250.0,1655.0,0.0,0
PBID,0.36660206718346255,0.008571483349622213,0.11135042432921693,-0.018778924884300552,1.2056081970831207,473485500.0,525.0,0.0,0
KOBX,0.3659560723514212,0.008325633619121612,0.239678576204855,-0.0007099391480730466,0.5005381529780716,385624550.0,177.0,0.0,1
PNLF,0.36563307493540054,0.015394745798231194,0.009284580098799733,-0.10222457627118686,16.032866659449034,4704220100.0,210.0,-0.045454545454545414,0
LABA,0.3653100775193798,0.04466986578215984,0.07649265721906229,-0.040404040404040664,0.21312668462608356,4700505250.0,124.0,-0.015873015873015928,0
GHON,0.3653100775193798,0.009402743032344186,0.07207509218907115,0.03144654088050336,0.7896746839586614,16038250.0,1640.0,-0.012048192771084376,0
WIFI,0.3649870801033592,0.028753001420058863,0.1501677048832737,-0.06432878060785041,0.3326190468895901,50836864750.0,1930.0,-0.005154639175257714,0
PJHB,0.3649870801033592,0.02480594093058929,0.09319699205847232,-0.015253813453363074,0.4095558349550627,430327650.0,176.0,-0.005649717514124242,0
ZONE,0.3624031007751938,0.02024693378094537,0.3705181946766105,-0.09740259740259705,0.30624200110293737,48053500.0,695.0,-0.027972027972028024,3
DGWG,0.36046511627906974,0.019127661518277782,0.09648490671791121,-0.06595730168474223,0.9440290188119655,3442346300.0,328.0,0.0,0
BGTG,0.35981912144702843,0.021682020769276368,0.05958595859586002,-0.02702702702702664,0.720088934002047,678885450.0,116.0,-0.016949152542372836,0
GMTD,0.3594961240310077,0.0455888762275126,0.018050541516245522,-0.03719251112417121,0.36304598033731345,38880750.0,1220.0,-0.02008032128514059,0
TOBA,0.35917312661498707,0.030910372750310715,0.20847347500382152,-0.15369106699751867,0.28539566223788265,8793854750.0,510.0,-0.04672897196261683,0
KRYA,0.35723514211886304,0.02282272053396157,0.14674019607843092,-0.0889246323529409,0.5984596975247795,1970359750.0,65.0,-0.015151515151515138,0
IOTF,0.356266149870801,0.036276544830347784,0.19972946443534645,-0.15448245025709806,0.15403659481910276,2541712250.0,62.0,-0.015873015873015928,0
ADMR,0.3556201550387597,0.02603753889197502,0.1003058948486466,-0.08872448979591796,0.6387596273458657,60936154750.0,1590.0,0.01273885350318471,0
AMAG,0.35497416020671835,0.0028411798691642784,0.01047120418848202,-0.010256410256410109,2.850986302340132,25413100.0,386.0,-0.005154639175257714,0
HMSP,0.35465116279069764,0.021273991294567005,0.008302676821829058,-0.14488992303561798,2.0771314397388836,9293331000.0,650.0,0.0,0
MGRO,0.35432816537467704,0.009960289852736068,0.02285067873303137,0.00735294117647034,1.1582251773529642,2641131500.0,685.0,0.0,0
MCOR,0.353359173126615,0.013983962181626257,0.047321428571429625,-0.028571428571427693,1.3102723777026921,228124400.0,68.0,-0.01449275362318836,0
MTDL,0.35319767441860467,0.013274535482667394,0.02226712467165104,-0.017821782178217838,1.3953867253499974,1181937000.0,496.0,-0.017821782178217838,0
YOII,0.3530361757105943,0.0207812152784899,0.012499999999999956,-0.07030129124820628,1.3715234921795285,273039800.0,81.0,-0.04705882352941182,0
DVLA,0.3527131782945736,0.0035487900973193596,0.043072097850666013,-1.001442076609127e-05,1.420234384693183,66493250.0,1585.0,0.0,0
BCIP,0.352390180878553,0.01894260533563465,0.01902810304449587,-0.048387096774193505,1.2683073155376916,361371250.0,59.0,-0.048387096774193505,0
CARE,0.3520671834625323,0.022234930957349134,0.02010050251256268,-0.05976967936167055,1.0370465348438918,109187000.0,406.0,0.00995024875621886,0
GGRM,0.351421188630491,0.019094646729747814,0.07096878286531338,-0.16817997905559745,1.5163513600543592,20088581250.0,17900.0,0.02285714285714291,0
MAIN,0.35125968992248063,0.01854206990283773,0.05025726935503183,-0.015037593984962183,0.7662076275230082,982396250.0,665.0,-0.007462686567164201,0
ITIC,0.35045219638242897,0.014599282100394177,0.10214388785817308,-0.09741709183673486,1.3890884392468974,70965100.0,204.0,-0.04672897196261683,0
BAYU,0.35012919896640826,0.013963379277177479,0.12213917953828268,0.060326428123038456,0.24490664359934006,215022750.0,1330.0,-0.0037453183520599342,0
JGLE,0.34980620155038755,0.031446419153337846,0.20521739130434757,-0.322911577918906,0.3173282189909167,39138456200.0,72.0,-0.013698630136986356,1
DATA,0.34851421188630494,0.02508140558400328,0.01812688821752273,-0.10093814130753431,1.103418583087585,3057750750.0,1685.0,0.005970149253731405,0
AGRO,0.34851421188630494,0.015093282568301662,0.06781937597658949,-0.03359992645706966,1.0545642375952813,757355950.0,145.0,0.0,0
PSAT,0.3472222222222222,0.009714459383245779,0.11752206603465187,-0.03370786516853963,1.0751164991024926,56545500.0,860.0,0.0,0
IPOL,0.3462532299741602,0.013747759176744456,0.13782457381015556,0.03579685880570849,0.24615804831669297,95921300.0,116.0,-0.008547008547008517,0
INDF,0.34593023255813954,0.01405477378022776,0.04022630615406175,-0.0822558922558928,2.0360753801168574,38120596250.0,7025.0,-0.020905923344947785,0
MERI,0.3456072351421189,0.016360496113587204,0.20828321188201504,-0.03278688524590179,0.40293859054107445,394726650.0,118.0,-0.008403361344537785,0
RLCO,0.34431524547803616,0.01798999619650471,0.2695646830962386,-0.11637349100763783,0.47495754561618386,1753352500.0,4280.0,-0.01382488479262678,0
HOKI,0.3412467700258398,0.020443555090120438,0.0,-0.09090909090909127,1.8359578834120283,570335850.0,50.0,0.0,0
BNII,0.3410852713178295,0.0059035325524622135,0.043829708975335,-0.01546391752577303,1.5725001180274958,104848450.0,193.0,-0.005154639175257714,0
SSIA,0.34108527131782945,0.026556115628291285,0.07750561725003657,-0.03882955738008509,0.4020843623372375,37409762500.0,1730.0,0.0028985507246377384,0
PNBN,0.3409237726098191,0.01170093029624385,0.0,-0.06068650450672919,12.221675084743755,1498709250.0,850.0,-0.039548022598870025,0
ANJT,0.34076227390180874,0.015022289985230608,0.13334330426275698,0.03966545722895254,0.07493069576953651,161335750.0,1605.0,0.009433962264151052,0
MEGA,0.33882428940568476,0.00399514333405405,0.007712082262210762,-0.002525252525252153,1.7650600520555677,71750250.0,1960.0,0.002557544757033181,0
SPTO,0.33850129198966405,0.009131159743003095,0.08255337535975715,-0.01632735335617841,1.0117238042554935,317260500.0,600.0,-0.008264462809917328,0
PZZA,0.33850129198966405,0.02073312172311577,0.016216216216216273,-0.08861445130538426,1.254995579320863,188771900.0,188.0,0.0,0
CTRA,0.3381782945736434,0.017084374951671567,0.007329712653625808,-0.11667520491803285,2.962766385341954,5789721250.0,570.0,-0.04201680672268904,0
WIIM,0.33801679586563305,0.019557963015043315,0.0,-0.20057306590257895,4.970536513268187,2630578000.0,1395.0,-0.014134275618374548,0
WEGE,0.3375322997416021,0.061236821426465325,0.018518518518518157,-0.03913347309573745,0.018718211557461523,1631833250.0,50.0,0.0,0
MCOL,0.335594315245478,0.012104994661310323,0.0027855153203339977,-0.03743315508021394,1.9962847506429122,86131500.0,3600.0,-0.008264462809917328,0
DNET,0.334625322997416,0.017853793918673606,0.03482747068676706,-0.017568856942942523,0.7841025851794008,91241250.0,9800.0,0.0,0
JTPE,0.334140826873385,0.0128733870751931,0.0,-0.05645161290322631,3.9472771683098378,419742250.0,585.0,-0.025000000000000022,0
ADES,0.33333333333333337,0.007875769195782216,0.2344223475511562,-0.012953221602190479,0.4263698009210574,310241250.0,32175.0,-0.010000000000000009,0
AGRS,0.33317183462532296,0.018922811714303957,0.0,-0.032786885245901676,1.2337533968818561,372455550.0,59.0,-0.01666666666666672,0
MTMH,0.33301033591731266,0.021132877711466685,0.01385217008151618,-0.013848708882459926,0.6629487626350645,10041500.0,925.0,-0.02631578947368418,0
ESSA,0.33042635658914726,0.027389526162638424,0.06562891608967036,-0.14028185554903083,0.7051528805793648,61883367000.0,605.0,-0.008196721311475419,0
WTON,0.3301033591731266,0.012725288602916161,0.10252281266774022,-0.024691358024691357,0.7611026045802396,379316400.0,78.0,0.0,0
MYOR,0.3291343669250646,0.012810892181547585,0.010067114093959884,-0.07250842561386606,2.536521023347955,23920006750.0,1505.0,-0.0066006600660065695,0
GMFI,0.32881136950904394,0.02364791303326967,0.07942838152210085,-0.06693478885377735,0.5727023102949792,6027239000.0,58.0,-0.016949152542372836,0
PEHA,0.3278423772609819,0.028149715573059262,0.19435749151103465,-0.1223684210526319,0.0976326406914831,314130600.0,290.0,-0.006849315068493178,0
SSTM,0.32751937984496127,0.0314379526709587,0.06976744186046524,-0.13728103579588735,0.5367310134595813,103859100.0,460.0,-0.0043290043290042934,0
BACA,0.3268733850129199,0.012519763635172786,0.18461846184618436,-0.017094017094017144,0.3979978540030785,203961150.0,119.0,0.017094017094017033,0
PANR,0.32687338501291985,0.011620939562585551,0.05689879770217998,-0.04620734622908107,1.321304072408741,25731700.0,414.0,0.004854368932038833,0
CMNT,0.32655038759689925,0.014652541433475776,0.047945205479452246,-0.03188903788132724,1.0038074382126632,17507835000.0,765.0,-0.00649350649350644,0
MLBI,0.32558139534883723,0.018108053483990128,0.13129531648050108,-0.007194244604316613,0.23712421085681606,445895000.0,6875.0,0.0036496350364962904,0
INOV,0.3246124031007752,0.016862916415949118,0.2592701710299703,-0.06230158730158741,0.29910897677117704,304408450.0,136.0,-0.007299270072992692,0
CEKA,0.3236434108527132,0.008905799132643525,0.07297378939760923,-0.004566210045661601,0.8219761116189849,66727000.0,2200.0,0.0,0
CYBR,0.3233204134366925,0.01498841507053206,0.009708737864077666,-0.06266846361185974,1.6092554853531762,14560878750.0,520.0,0.0,0
AVIA,0.3231589147286822,0.01738537245369933,0.0,-0.11248710010319962,2.8001955603487723,4052764300.0,330.0,-0.03508771929824561,0
DNAR,0.32235142118863047,0.014603807619771586,0.20336071695294944,-0.024046032707450093,0.3010165924586058,137990400.0,131.0,0.0,0
EAST,0.32202842377260976,0.008745492560849102,0.023255813953488413,-0.021978021978022122,1.3904683959697082,107401650.0,89.0,-0.011111111111111072,0
LPCK,0.3210594315245478,0.015778584086375894,0.1969718500997777,-0.07256113947863507,0.4863827404688963,204501500.0,595.0,0.0,0
RISE,0.3200904392764858,0.02742805258997889,0.026113453566240397,-0.058456336562845435,0.5168946200062018,1401200500.0,800.0,-0.053254437869822535,0
BALI,0.31976744186046513,0.04068459939278101,0.015503875968992276,-0.03710729104919952,0.18358508125134226,27938000.0,1310.0,0.0,1
MKPI,0.31524547803617575,0.0026926117784452238,0.06339026681285698,-0.006911457159072265,0.9715408305616695,893341250.0,21675.0,-0.0023014959723820505,0
ARNA,0.31492248062015504,0.0066434949082186685,0.16699355561782014,0.007645037983258218,0.33853865954162954,1656655700.0,510.0,0.0,0
MPMX,0.31427648578811374,0.00793735561086436,0.07910022633613156,0.01982697350684992,0.5591069400141789,3679394500.0,1030.0,-0.004830917874396157,0
SFAN,0.312984496124031,0.004641470737874728,0.025716440422323128,-0.004901960784313153,1.0989264825645961,101302500.0,2010.0,-0.004950495049504955,0
MLPL,0.31233850129198965,0.01744823854398169,0.13377883142159086,-0.09437199725463286,0.6583920628913382,2087556150.0,87.0,0.0,0
GTBO,0.31185400516795864,0.035594353059164426,0.0,-0.12941176470588234,0.7312762566999855,1035450.0,148.0,-0.013333333333333308,0
HAIS,0.3113695090439277,0.009878301986235571,0.10811715908604413,-0.010841309228406426,0.5976798864025573,112115200.0,185.0,0.005434782608695565,0
ARKO,0.3112080103359173,0.03988305590182488,0.0,-0.26821983273596184,0.7638452542327421,16199693500.0,3920.0,-0.0075949367088608,0
TBMS,0.3097545219638243,0.016142007483700656,0.07016224347265454,-0.00030111412225253265,0.42033276224202326,34874750.0,1245.0,0.01632653061224487,0
RMKE,0.3089470284237726,0.02602970796256511,0.0,-0.03347763347763322,0.620111459879973,35520691400.0,394.0,-0.005050505050505083,0
BPTR,0.3084625322997416,0.012886205763771537,0.11885620915032691,-0.026666666666666505,0.5690411653353821,114607350.0,73.0,-0.013513513513513487,0
BULL,0.3081395348837209,0.029255160978048363,0.09979987268933543,-0.1621649807070601,0.38361897810004253,146511494500.0,390.0,0.0,0
BIPI,0.3081395348837209,0.0289276179599799,0.07138388388388428,-0.12436084733382025,0.4489292425479957,63451395900.0,140.0,0.007194244604316502,0
SIDO,0.30781653746770027,0.009295066656820623,0.017241379310344973,0.005681818181817899,0.8345591188630104,8167483700.0,354.0,0.005681818181818121,0
GTSI,0.30781653746770027,0.027233992053944417,0.1313917991298459,-0.22537112010796245,0.38223520890087553,5334423550.0,147.0,-0.020000000000000018,0
CLPI,0.3074935400516796,0.004029847074229029,0.15129096891405713,-5.877742946747144e-05,0.4360452071567314,116994750.0,1610.0,0.0,0
BBHI,0.3066860465116279,0.009643308302387184,0.028571428571428692,-0.011049723756905938,0.9518144856617132,12490247500.0,900.0,0.0,0
HEXA,0.3057170542635659,0.01386015146769492,0.0,-0.10549520476341967,3.2865959322652234,2170938000.0,4100.0,-0.009661835748792313,0
BBTN,0.30523255813953487,0.01599293895959521,0.030913978494624184,-0.06805261766261206,1.0816640328783707,16841710500.0,1170.0,0.0,0
GPSO,0.30458656330749356,0.02291093461836788,0.022858240491739457,0.0009398496240593524,0.2085829005326255,9483868500.0,284.0,0.007092198581560183,0
KIOS,0.3039405684754522,0.021727571036177378,0.01357466063348478,-0.008222643896268367,0.3923831871501722,2060594150.0,98.0,-0.020000000000000018,0
ARTO,0.3028100775193798,0.0289036346555527,0.0,-0.2284135891078345,0.9906011221429704,18908241250.0,905.0,-0.042328042328042326,0
IGAR,0.30264857881136953,0.009311245985554004,0.14865498534638655,0.026623352376685228,0.06357806466842399,17792300.0,472.0,0.0,0
SUNI,0.30264857881136953,0.009332350754238876,0.14131455399061021,-0.04225352112676062,0.6827543998250728,227523250.0,680.0,0.0,0
ROTI,0.3021640826873385,0.005867480274297405,0.0,-0.008547008547008628,1.4691527932875863,312078500.0,580.0,-0.008547008547008517,0
MINA,0.30022609819121443,0.024897874574224953,0.0,-0.1184210526315791,1.0166447684040891,10931080300.0,238.0,-0.04800000000000004,0
CHEK,0.30006459948320413,0.017465850781414747,0.05965672990063253,-0.051629072681704025,0.7172470435532778,95456650.0,129.0,-0.007692307692307665,0
BUAH,0.2999031007751938,0.007148517833922095,0.008130081300813163,-0.017821782178217838,1.3368719002791283,122309400.0,496.0,-0.008000000000000007,0
TALF,0.2997416020671835,0.02286727372113852,0.20724267468069146,-0.14538878842676328,0.21473032693682817,106633750.0,680.0,-0.03546099290780147,2
BRPT,0.29844961240310075,0.01719066761902142,0.13710231174181686,-0.1559190521128242,0.7109183506311914,128123715500.0,1610.0,0.0,0
TSPC,0.2981266149870801,0.008378802609824853,0.1317987316022491,-0.021545881126173394,0.5887924758374258,1360523500.0,2770.0,-0.010714285714285676,0
BAIK,0.29780361757105944,0.04669248026402202,0.0431034482758621,-0.34216310005783634,0.34591860014557674,4363059400.0,242.0,0.008333333333333304,0
UNVR,0.2968346253229974,0.013704801506494049,0.03250070395085425,-0.06512579752016368,1.1218005524106764,21048018250.0,1650.0,0.0060975609756097615,0
ATIC,0.2968346253229974,0.011081537472030467,0.004062017277876251,-0.013324337999662816,1.035774507397937,25263800.0,450.0,-0.017467248908296984,0
SONA,0.29521963824289404,0.05115267237214235,0.07326572604350412,-0.2640463592844545,0.12865264702286344,32716000.0,2300.0,-0.04166666666666663,0
STTP,0.2945736434108527,0.007339854529117664,0.008064516129032251,-0.020793036750483607,1.304026768201223,10833750.0,9375.0,-0.0026595744680850686,0
IPCC,0.29328165374677,0.006344219757033948,0.004524886877828038,-0.06353376503237729,2.2304549533209874,811874500.0,1110.0,-0.004484304932735439,0
MSIN,0.291828165374677,0.026167880273612658,0.0,-0.17576285963382765,0.9806867393901849,15538173800.0,290.0,-0.046052631578947345,0
MAYA,0.2916666666666667,0.008809964495585175,0.043020268465099765,-0.03010152284263945,1.0156473132541755,137215250.0,193.0,-0.01025641025641022,0
KDSI,0.290374677002584,0.012062436957094184,0.033226456047356745,-0.02178059200488247,0.8197165683850105,4205600.0,446.0,-0.008888888888888835,0
SDRA,0.289890180878553,0.011668949241901554,0.0,-0.08815958815958813,2.2975779470854047,209677500.0,208.0,-0.028037383177570097,0
PDES,0.289405684754522,0.01684999529552914,0.04838709677419373,-0.03061224489795933,0.5992845918402548,84063900.0,390.0,0.005154639175257714,1
MDIY,0.2890826873385013,0.01259329479319155,0.12525201612903092,-0.01565255731922477,0.3659196670004864,654295250.0,940.0,0.010752688172043001,0
PTMP,0.28875968992248063,0.018779977654834676,0.12328687063499011,-0.11753902662993565,0.52547341754938,795648050.0,62.0,-0.015873015873015928,0
CDIA,0.28843669250646,0.023334910219274446,0.08195985605182776,-0.11262198048312277,0.4478383443275045,41729460500.0,645.0,-0.007692307692307665,0
SOLA,0.28811369509043927,0.015570850322936985,2.220446049250313e-16,-0.03225806451612834,0.9048524279595482,475489800.0,89.0,-0.011111111111111072,0
MORA,0.28795219638242897,0.018977555432907963,0.0,-0.14277134277134274,1.4143837775641126,1268860000.0,4850.0,-0.0536585365853659,1
TFAS,0.28746770025839796,0.013457577065468091,0.027472527472527153,0.00011626555051713616,0.5063056227499125,51136900.0,187.0,0.005376344086021501,0
BAPA,0.28649870801033595,0.030722062081355337,0.016129032258064502,-0.19683544303797484,0.5883036026684192,1447756050.0,126.0,-0.015625,0
ASBI,0.28649870801033595,0.011446223510790774,0.06068641563754795,0.06068641563754795,0.18221968098740118,5071900.0,400.0,0.0,0
RATU,0.2861757105943153,0.02927320425068885,0.012048192771084043,-0.09287257019438477,0.4621705625256016,51745991500.0,4210.0,-0.03218390804597704,0
ACES,0.28617571059431524,0.009872456839334149,0.04962546816479363,-0.016853932584270037,0.7624387151121096,6525344400.0,350.0,-0.005681818181818232,0
BBKP,0.28601421188630494,0.01394414097788548,0.0,-0.1239669421487608,2.1890828793964596,3355771300.0,50.0,-0.019607843137254943,0
PEVE,0.2852067183462532,0.011447411974352195,0.019740193581252896,-0.025438169425511248,0.9038720251504426,378649400.0,306.0,-0.00649350649350644,0
KONI,0.2852067183462532,0.014966719957439395,0.024509803921568762,-0.11495726495726433,1.2522593708331275,40498000.0,2090.0,0.0,1
HUMI,0.28488372093023256,0.034911557147505594,0.019291368466710646,-0.2194698569082807,0.4700284159795412,6468578700.0,127.0,-0.015503875968992276,0
BLOG,0.2845607235142119,0.008867767043101176,0.12371533837502335,-0.05677779887692247,0.726506513546539,124555800.0,366.0,0.005494505494505475,0
INDS,0.2832687338501292,0.01767141729333123,0.04970636063264422,-0.04505879692446879,0.601759441315683,428692900.0,254.0,0.007936507936507908,0
BIRD,0.28229974160206717,0.0057305193861316,0.06384086261386868,-0.0183296322782186,0.8140404440279981,1316696250.0,1610.0,0.0,0
TBLA,0.28165374677002586,0.009102655870797945,0.016595041322313042,0.007999999999999785,0.654447644596693,1053248500.0,630.0,0.0,0
AXIO,0.2793927648578811,0.018554448002514646,0.048975063398140284,-0.00824175824175788,0.2708457261436041,83801950.0,114.0,-0.008695652173912993,0
LPLI,0.27810077519379844,0.012015002071939071,0.07308084372304546,-0.04958677685950419,0.7574531159106764,48305300.0,230.0,0.017699115044247815,0
ZYRX,0.27745478036175714,0.014778138336421222,0.06735617323852594,-0.015384615384615552,0.4234426893479141,80242500.0,129.0,0.0,0
IPCM,0.2768087855297158,0.007233875957178084,0.00694444444444442,-0.033333333333333104,1.291212746669143,213225900.0,290.0,0.0,0
BVIC,0.2751937984496124,0.011287893564818774,0.1569377990430625,-0.04210526315789431,0.3800216167813382,157238950.0,93.0,0.0,0
BUVA,0.27503229974160204,0.028762497590173904,0.0,-0.11417099669343367,0.6063594356355667,54515820250.0,665.0,-0.029197080291970767,0
GRPM,0.272125322997416,0.02916705829091821,0.0,-0.2473970473970477,0.741387444161929,1108081350.0,167.0,-0.005952380952380931,0
SPMA,0.27099483204134367,0.007909259150940304,0.07911693424981592,-0.0002868617326449163,0.43910644011565353,86205750.0,170.0,-0.005847953216374324,0
ERTX,0.26937984496124034,0.010829906866543506,0.2989263235838566,-0.11946231946231989,0.3214115084946872,104968550.0,172.0,-0.005780346820809301,0
MLIA,0.2676033591731266,0.009721481988448757,0.0,-0.09348989298454213,1.9447542581727246,16515300.0,214.0,-0.0092592592592593,0
RALS,0.2671188630490956,0.006148720564939357,0.03834706959707024,-0.00531740837696304,0.6722526278973815,878344800.0,386.0,0.0,0
GOTO,0.2666343669250646,0.0,0.0,0.0,0.9587259685603315,462155000.0,50.0,0.0,0
JRPT,0.2655038759689922,0.008559758000181513,0.06483763798092368,0.05990783410138234,0.052356295917836124,542647250.0,1150.0,0.02678571428571419,0
PANI,0.26372739018087854,0.019049249432690672,0.0,-0.13184123718653573,1.0939210045308774,32421701250.0,5275.0,-0.032110091743119296,0
BRIS,0.26372739018087854,0.011760800734750842,0.0,-0.09802502163820936,1.7053498629349568,30647219750.0,1610.0,-0.021276595744680882,0
SMDM,0.26308139534883723,0.019919900825226815,0.028571428571428692,-0.0447174447174451,0.4041658794634423,21172000.0,540.0,0.0,0
CMNP,0.2596899224806202,0.01775259358482617,0.038939756082613464,-0.010675039246468065,0.2505526377249249,92058500.0,1370.0,-0.021428571428571463,0
BNBR,0.2596899224806202,0.021934884810954642,0.07837562828510825,-0.1745807233784602,0.45955932381430814,92010808200.0,86.0,-0.0444444444444444,0
PBSA,0.2583979328165375,0.02088484007990633,0.021904369995128015,-0.21104536489151893,0.7588183002808963,1108327250.0,725.0,-0.020270270270270285,0
LEAD,0.2571059431524548,0.03268292620293226,0.01923076923076894,-0.17725328686836672,0.33222150790222826,2500902200.0,106.0,0.019230769230769162,1
MDLA,0.2564599483204134,0.007820895256345951,0.010192307692307834,-0.028479853479853157,0.9472334621019864,412445100.0,206.0,0.009803921568627416,0
ENAK,0.25597545219638246,0.017443000106257208,0.0,-0.09401709401709435,1.0102739859657794,76883500.0,212.0,-0.036363636363636376,0
BREN,0.2558139534883721,0.01771895574959867,0.032467532467532534,-0.11192669839019942,0.7229435430166861,73322169500.0,3180.0,0.032467532467532534,0
GOOD,0.25549095607235145,0.011951339839707123,0.036196507894621144,-0.0315287540592758,0.6458614014205177,61160800.0,310.0,0.0,0
SUPA,0.2545219638242894,0.020006698124571485,0.004016064257028162,-0.09212283044058733,0.6822151660005201,7091220250.0,500.0,-0.00990099009900991,0
DYAN,0.25355297157622736,0.016397458347785273,0.1439749608763694,-0.06641123882503142,0.22083550674542926,330605350.0,85.0,0.0,0
MASB,0.2506459948320413,0.013355170117417844,0.01567398119122254,-0.04705882352941193,0.7495118836154376,34059500.0,3240.0,-0.018181818181818188,0
MHKI,0.24903100775193798,0.024042966004875984,2.220446049250313e-16,-0.11357864860827516,0.5578936202807002,460530450.0,129.0,-0.007692307692307665,0
ASPR,0.2467700258397933,0.03220963569052274,0.007246376811594013,-0.14414642375168707,0.30952312069719884,3304446200.0,139.0,-0.027972027972028024,0
SAME,0.2437015503875969,0.02286762533238005,0.0,-0.055905172413793225,0.4525338248847926,271250000.0,294.0,-0.026490066225165587,0
TRIS,0.24321705426356588,0.011530053264645202,0.05916335925694316,-0.016748570855481093,0.40250143468804095,148202950.0,172.0,0.0,0
LPGI,0.2422480620155039,0.014301032679108885,0.024516291674544277,0.00012304663467443966,0.22018348623853212,5831500.0,640.0,-0.007751937984496138,0
DMMX,0.24160206718346253,0.011884000200339938,0.13120736157385293,-0.05249752370171212,0.3361206457313208,225115300.0,186.0,0.0,1
PSGO,0.24127906976744184,0.009766191191014312,0.01036269430051795,-0.005154639175257714,0.5194551372202355,62217500.0,195.0,0.0,0
CSRA,0.24014857881136953,0.011839214969837784,0.0,-0.006318006318006608,0.5993159262919888,295436000.0,745.0,-0.013245033112582738,0
RAJA,0.23885658914728683,0.02407506097147772,0.0,-0.13173652694610805,0.6204244229656141,52604328250.0,725.0,-0.046052631578947345,0
CHIP,0.2369186046511628,0.014750649314363548,0.0,-0.13440082644628049,1.193900754366565,76189750.0,735.0,-0.006756756756756799,0
EPAC,0.23530361757105944,0.03234902041670008,0.0,-0.25482174167153726,0.41698701986828324,2708273750.0,50.0,0.0,0
KEEN,0.23142764857881137,0.017702238669612857,0.0,-0.11282004052311667,0.838802639140695,7455722250.0,855.0,-0.005813953488372103,0
ADMF,0.23029715762273903,0.004013607531713911,0.10113676315481057,-0.00286532951289431,0.21003827603777833,421935000.0,8725.0,0.002873563218390718,0
DILD,0.22997416020671835,0.0143991132955195,0.03123764440081178,-0.02415875754961183,0.3645763510386134,1619199650.0,116.0,0.0,0
PJAA,0.22868217054263568,0.006539939240612474,0.049882445141065546,0.008620689655172153,0.26985128201793457,30756200.0,468.0,0.0,0
CTBN,0.22803617571059429,0.03222328799937667,0.013201320132013139,-0.22512019230769242,0.23484212701532128,118560500.0,3070.0,0.006557377049180246,0
DAAZ,0.22771317829457366,0.01967356629041279,0.06404761904761824,-0.10833998403830813,0.3219427751980333,732200000.0,1635.0,-0.020958083832335328,0
BJTM,0.2270671834625323,0.006187916432654031,0.009994369755977228,9.246417013430985e-05,0.46374064862204967,2360380750.0,520.0,0.0,0
NPGF,0.2265826873385013,0.01790704523257529,0.0,-0.08565375302663436,0.7048674353997191,909769650.0,53.0,-0.0535714285714286,0
ASDM,0.2215762273901809,0.008035576084100226,0.014056224899597902,-0.009803921568627638,0.4856554655332713,7529000.0,515.0,0.0,0
DLTA,0.21866925064599482,0.004340351824497767,0.02573033707865169,0.005617977528090012,0.3376276754093312,112027250.0,1790.0,0.0,0
IKPM,0.21689276485788112,0.030308637161484797,0.0,-0.12387578920242237,0.2664756111701511,47002050.0,178.0,-0.005586592178770999,0
BBSS,0.21172480620155038,0.021619868419228437,0.0,-0.29730458221024225,0.673683209474571,1023134450.0,79.0,-0.012499999999999956,0
REAL,0.21075581395348839,0.011373244660117127,0.0,-0.05660377358490554,0.7889136667728576,39237500.0,50.0,0.0,0
PNBS,0.2094638242894057,0.0,0.0,0.0,0.5416446557492516,14197500.0,50.0,0.0,0
CNMA,0.20768733850129198,0.012205381622511563,0.09638554216867479,-0.06270514997170373,0.28400569995145675,2222966300.0,91.0,-0.010869565217391353,0
GPRA,0.20671834625323,0.019717800513105302,0.01401300343146139,-0.0889872173058015,0.34285298920019147,13409182200.0,102.0,-0.02857142857142858,0
AMAN,0.20623385012919898,0.018094388253611253,0.0,-0.09902597402597413,0.5989196052752725,72769700.0,220.0,-0.026548672566371723,0
TPIA,0.20251937984496124,0.019121301076632614,0.012857427805542443,-0.12675751676400604,0.4454739903431959,362657351500.0,1835.0,0.002732240437158362,0
KEJU,0.19993540051679587,0.011259085552783998,0.07635467634090132,-0.04098360655737732,0.2528518674468466,51654750.0,595.0,-0.008333333333333304,0
TCID,0.19880490956072353,0.017923651187943892,0.0,-0.06975079168387677,0.46434033087724175,7193000.0,2540.0,-0.015503875968992276,0
OASA,0.19509043927648578,0.02451023129665601,0.014598540145985162,-0.16766467065868318,0.24516115646362213,7123530600.0,278.0,-0.027972027972028024,0
BEER,0.19331395348837208,0.02531132330425229,0.0,-0.17151162790697672,0.36147318071164053,1318646100.0,76.0,0.0,0
SOTS,0.19121447028423771,0.017860241139462125,0.044535578099143436,-0.09830007390983009,0.2614691746867982,145493250.0,600.0,0.0,0
WOOD,0.1876614987080103,0.019611726866847125,0.0010113268608411552,-0.12639011473962958,0.3978823002311787,653520400.0,196.0,-0.005076142131979711,0
BANK,0.18685400516795864,0.015034828953885264,0.0,-0.08608742004264436,0.5824914316658554,703199700.0,254.0,-0.023076923076923106,0
LIVE,0.18685400516795864,0.018876245705417,0.0,-0.11734227369704409,0.47820546208760845,857049600.0,181.0,-0.021621621621621623,0
CASS,0.18507751937984496,0.010207260707108355,0.03195336713290664,-0.03942924687605598,0.34337640895380217,196843750.0,1835.0,-0.008108108108108136,0
ASSA,0.1820090439276486,0.015904915189590956,0.0,-0.09273840769903818,0.5356228540398388,8861418000.0,595.0,-0.016528925619834656,0
PALM,0.1802325581395349,0.008292080302033485,0.00028350028350043743,0.00028350028350043743,0.18702355242308694,66770200.0,290.0,0.0,0
SULI,0.17990956072351422,0.018277661410130187,0.0536676033251382,-0.17982456140350866,0.2738790271176018,756490200.0,85.0,-0.02298850574712641,1
NICL,0.1781330749354005,0.01770959790188908,0.0,-0.11211620997028748,0.47169645791157505,23394322800.0,452.0,-0.00877192982456143,0
CPRO,0.17764857881136953,0.0059774493203452305,2.220446049250313e-16,-0.038461538461538436,0.5437401345850295,180555000.0,50.0,0.0,0
PUDP,0.1776485788113695,0.01292071834729047,0.01426051902242409,-0.04895104895104874,0.33507927663238946,49352500.0,272.0,0.0,0
BOBA,0.1753875968992248,0.015535487826069524,0.009803921568627416,-0.07303565247490496,0.3516629610972021,158410200.0,206.0,0.0,0
WINE,0.16101421188630494,0.013141944786136112,0.0,-0.022727272727272707,0.21596398245049758,135867100.0,129.0,-0.01526717557251911,0
NELY,0.1532622739018088,0.015229060106501437,0.0,-0.07348533018439474,0.34603330020479595,224076700.0,204.0,-0.019230769230769273,0
BBMD,0.15229328165374678,0.016952439576828522,0.0,-0.06410891089108972,0.23471278567016676,3238000.0,1900.0,-0.04761904761904767,0
BCAP,0.15035529715762275,0.0,0.0,0.0,0.190749079001228,6107500.0,50.0,0.0,0
ATLA,0.14680232558139536,0.0,0.0,0.0,0.13716067021691128,19247500.0,50.0,0.0,0
MAXI,0.14486434108527133,0.0,0.0,0.0,0.10342316096139839,3432500.0,50.0,0.0,0
DADA,0.14421834625322996,4.28287156710164e-09,0.0,0.0,0.07530562347188265,5112500.0,50.0,0.0,0
BABP,0.14324935400516797,0.0,0.0,0.0,0.07851239669421488,9680000.0,50.0,0.0,0
MDLN,0.14131136950904394,0.0,0.0,0.0,0.04978749241044323,16470000.0,50.0,0.0,0
JIHD,0.13614341085271317,0.01684338515972322,0.0,-0.11838969013856893,0.3076863779532301,83023500.0,430.0,0.0,0
HDIT,0.1128875968992248,0.004384447014705565,0.0,-0.019607843137254832,0.0075985111025542295,97387500.0,50.0,0.0,0
TIRA,0.11127260981912145,0.013584740773400933,0.0,-0.07600281491907113,0.13317072419462272,207778400.0,390.0,0.0,0
SATU,0.10998062015503876,0.0124762939063669,0.0,-0.09251906472553073,0.2611485941768651,44034700.0,238.0,-0.008333333333333304,0
WMUU,0.10513565891472869,0.013459917835759666,0.0,-0.09090909090909094,0.13376402711130198,133892500.0,50.0,0.0,0
NETV,0.10093669250645995,0.005977449320345634,0.0,-0.03846153846153866,0.10751898114131767,40830000.0,50.0,0.0,0
BSBK,0.09544573643410853,0.00930401909379893,0.0,-0.05660377358490565,0.05772095092558562,129242500.0,50.0,0.0,0
